2026-09-22 11:12:48,245 INFO poll ok: 588 entities, 318 rows
2026-09-22 11:13:49,264 INFO poll ok: 586 entities, 318 rows
2026-09-22 11:14:50,914 INFO poll ok: 586 entities, 318 rows
2026-09-22 11:15:53,079 INFO poll ok: 586 entities, 318 rows
2026-09-22 11:16:55,115 INFO poll ok: 583 entities, 317 rows
2026-09-22 11:17:56,655 INFO poll ok: 578 entities, 316 rows
2026-09-22 11:18:58,955 INFO poll ok: 580 entities, 317 rows
2026-09-22 11:20:00,851 INFO poll ok: 579 entities, 317 rows
2026-09-22 11:21:02,690 INFO poll ok: 577 entities, 318 rows
2026-09-22 11:23:14,519 INFO collector v2 started (trail of observed delays, changes only)
2026-09-22 11:23:19,958 INFO poll ok: 319 Dublin Bus trips, 1779 new/changed stop delays, 319 new/changed trips
2026-09-22 11:24:18,154 INFO poll ok: 319 Dublin Bus trips, 37 new/changed stop delays, 2 new/changed trips
2026-09-22 11:25:19,645 INFO poll ok: 320 Dublin Bus trips, 32 new/changed stop delays, 1 new/changed trips
2026-09-22 11:26:22,857 INFO poll ok: 320 Dublin Bus trips, 12 new/changed stop delays, 5 new/changed trips
2026-09-22 11:27:24,161 INFO poll ok: 320 Dublin Bus trips, 16 new/changed stop delays, 34 new/changed trips
2026-09-22 11:28:27,133 INFO poll ok: 320 Dublin Bus trips, 10 new/changed stop delays, 1 new/changed trips
2026-09-22 11:29:27,836 INFO poll ok: 320 Dublin Bus trips, 9 new/changed stop delays, 0 new/changed trips
2026-09-22 11:30:30,138 INFO poll ok: 329 Dublin Bus trips, 201 new/changed stop delays, 10 new/changed trips
2026-09-22 11:31:32,993 INFO poll ok: 329 Dublin Bus trips, 12 new/changed stop delays, 0 new/changed trips
2026-09-22 11:32:34,387 INFO poll ok: 329 Dublin Bus trips, 12 new/changed stop delays, 0 new/changed trips
2026-09-22 11:33:36,454 INFO poll ok: 329 Dublin Bus trips, 24 new/changed stop delays, 1 new/changed trips
2026-09-22 11:34:39,056 INFO poll ok: 330 Dublin Bus trips, 34 new/changed stop delays, 1 new/changed trips
2026-09-22 11:35:42,103 INFO poll ok: 331 Dublin Bus trips, 44 new/changed stop delays, 3 new/changed trips
2026-09-22 11:36:43,501 INFO poll ok: 331 Dublin Bus trips, 13 new/changed stop delays, 1 new/changed trips
2026-09-22 11:37:46,853 INFO poll ok: 187 Dublin Bus trips, 81 new/changed stop delays, 1 new/changed trips
2026-09-22 11:38:46,500 INFO poll ok: 187 Dublin Bus trips, 13 new/changed stop delays, 0 new/changed trips
2026-09-22 11:39:48,404 INFO poll ok: 187 Dublin Bus trips, 9 new/changed stop delays, 0 new/changed trips
2026-09-22 11:40:50,500 INFO poll ok: 187 Dublin Bus trips, 5 new/changed stop delays, 0 new/changed trips
2026-09-22 11:41:52,386 INFO poll ok: 187 Dublin Bus trips, 8 new/changed stop delays, 0 new/changed trips
2026-09-22 11:42:54,391 INFO poll ok: 187 Dublin Bus trips, 4 new/changed stop delays, 1 new/changed trips
2026-09-22 11:43:56,500 INFO poll ok: 188 Dublin Bus trips, 30 new/changed stop delays, 2 new/changed trips
2026-09-22 11:44:58,494 INFO poll ok: 188 Dublin Bus trips, 7 new/changed stop delays, 0 new/changed trips
2026-09-22 11:46:00,147 INFO poll ok: 190 Dublin Bus trips, 67 new/changed stop delays, 2 new/changed trips
2026-09-22 11:47:02,415 INFO poll ok: 190 Dublin Bus trips, 10 new/changed stop delays, 1 new/changed trips
2026-09-22 11:48:04,480 INFO poll ok: 190 Dublin Bus trips, 7 new/changed stop delays, 0 new/changed trips
2026-09-22 11:49:05,611 INFO poll ok: 190 Dublin Bus trips, 4 new/changed stop delays, 0 new/changed trips
2026-09-22 11:50:09,387 INFO poll ok: 190 Dublin Bus trips, 3 new/changed stop delays, 0 new/changed trips
2026-09-22 11:51:10,626 INFO poll ok: 191 Dublin Bus trips, 23 new/changed stop delays, 1 new/changed trips
2026-09-22 11:52:12,705 INFO poll ok: 191 Dublin Bus trips, 7 new/changed stop delays, 0 new/changed trips
2026-09-22 11:53:14,704 INFO poll ok: 193 Dublin Bus trips, 65 new/changed stop delays, 2 new/changed trips
2026-09-22 11:54:15,803 INFO poll ok: 193 Dublin Bus trips, 6 new/changed stop delays, 0 new/changed trips
2026-09-22 11:55:17,888 INFO poll ok: 193 Dublin Bus trips, 1 new/changed stop delays, 0 new/changed trips
2026-09-22 11:56:20,501 INFO poll ok: 193 Dublin Bus trips, 1 new/changed stop delays, 0 new/changed trips
2026-09-22 11:57:21,840 INFO poll ok: 193 Dublin Bus trips, 1 new/changed stop delays, 0 new/changed trips
2026-09-22 11:58:23,796 INFO poll ok: 193 Dublin Bus trips, 1 new/changed stop delays, 0 new/changed trips
2026-09-22 11:59:26,623 INFO poll ok: 193 Dublin Bus trips, 26 new/changed stop delays, 18 new/changed trips
2026-09-22 12:00:28,106 INFO poll ok: 202 Dublin Bus trips, 182 new/changed stop delays, 12 new/changed trips
2026-09-22 12:01:29,806 INFO poll ok: 202 Dublin Bus trips, 10 new/changed stop delays, 5 new/changed trips
2026-09-22 12:02:32,219 INFO poll ok: 202 Dublin Bus trips, 7 new/changed stop delays, 0 new/changed trips
2026-09-22 12:03:34,482 INFO poll ok: 203 Dublin Bus trips, 36 new/changed stop delays, 2 new/changed trips
2026-09-22 12:04:36,094 INFO poll ok: 203 Dublin Bus trips, 10 new/changed stop delays, 1 new/changed trips
2026-09-22 12:05:38,263 INFO poll ok: 204 Dublin Bus trips, 87 new/changed stop delays, 3 new/changed trips
2026-09-22 12:06:40,121 INFO poll ok: 204 Dublin Bus trips, 7 new/changed stop delays, 2 new/changed trips
2026-09-22 12:07:43,055 INFO poll ok: 112 Dublin Bus trips, 38 new/changed stop delays, 0 new/changed trips
2026-09-22 12:08:45,778 INFO poll ok: 112 Dublin Bus trips, 6 new/changed stop delays, 1 new/changed trips
2026-09-22 12:09:45,665 INFO poll ok: 113 Dublin Bus trips, 36 new/changed stop delays, 2 new/changed trips
2026-09-22 12:10:48,128 INFO poll ok: 114 Dublin Bus trips, 17 new/changed stop delays, 1 new/changed trips
2026-09-22 12:11:51,522 INFO poll ok: 114 Dublin Bus trips, 7 new/changed stop delays, 0 new/changed trips
2026-09-22 12:12:52,322 INFO poll ok: 114 Dublin Bus trips, 11 new/changed stop delays, 2 new/changed trips
2026-09-22 12:13:53,596 INFO poll ok: 114 Dublin Bus trips, 8 new/changed stop delays, 0 new/changed trips
2026-09-22 12:15:05,500 INFO poll ok: 114 Dublin Bus trips, 5 new/changed stop delays, 0 new/changed trips
2026-09-22 12:16:00,154 INFO poll ok: 115 Dublin Bus trips, 16 new/changed stop delays, 1 new/changed trips
2026-09-22 12:17:02,320 INFO poll ok: 116 Dublin Bus trips, 11 new/changed stop delays, 1 new/changed trips
2026-09-22 12:18:01,607 INFO poll ok: 116 Dublin Bus trips, 11 new/changed stop delays, 0 new/changed trips
2026-09-22 12:19:03,870 INFO poll ok: 118 Dublin Bus trips, 27 new/changed stop delays, 2 new/changed trips
2026-09-22 12:20:05,758 INFO poll ok: 118 Dublin Bus trips, 5 new/changed stop delays, 2 new/changed trips
2026-09-22 12:21:09,413 INFO poll ok: 118 Dublin Bus trips, 4 new/changed stop delays, 0 new/changed trips
2026-09-22 12:22:10,134 INFO poll ok: 120 Dublin Bus trips, 38 new/changed stop delays, 3 new/changed trips
2026-09-22 12:23:11,782 INFO poll ok: 120 Dublin Bus trips, 9 new/changed stop delays, 0 new/changed trips
2026-09-22 12:24:14,066 INFO poll ok: 121 Dublin Bus trips, 28 new/changed stop delays, 1 new/changed trips
2026-09-22 12:25:15,659 INFO poll ok: 122 Dublin Bus trips, 18 new/changed stop delays, 1 new/changed trips
2026-09-22 12:26:17,671 INFO poll ok: 122 Dublin Bus trips, 24 new/changed stop delays, 4 new/changed trips
2026-09-22 12:27:21,333 INFO poll ok: 122 Dublin Bus trips, 5 new/changed stop delays, 1 new/changed trips
2026-09-22 12:28:23,077 INFO poll ok: 122 Dublin Bus trips, 6 new/changed stop delays, 1 new/changed trips
2026-09-22 12:29:24,210 INFO poll ok: 122 Dublin Bus trips, 8 new/changed stop delays, 0 new/changed trips
2026-09-22 12:30:27,394 INFO poll ok: 131 Dublin Bus trips, 193 new/changed stop delays, 9 new/changed trips
2026-09-22 12:31:30,052 INFO poll ok: 131 Dublin Bus trips, 4 new/changed stop delays, 3 new/changed trips
2026-09-22 12:32:31,613 INFO poll ok: 131 Dublin Bus trips, 7 new/changed stop delays, 1 new/changed trips
2026-09-22 12:33:33,795 INFO poll ok: 131 Dublin Bus trips, 11 new/changed stop delays, 2 new/changed trips
2026-09-22 12:34:35,092 INFO poll ok: 132 Dublin Bus trips, 33 new/changed stop delays, 1 new/changed trips
2026-09-22 12:35:37,035 INFO poll ok: 133 Dublin Bus trips, 33 new/changed stop delays, 2 new/changed trips
2026-09-22 12:36:37,876 INFO poll ok: 133 Dublin Bus trips, 8 new/changed stop delays, 0 new/changed trips
2026-09-22 12:37:40,906 INFO poll ok: 103 Dublin Bus trips, 30 new/changed stop delays, 1 new/changed trips
2026-09-22 12:38:41,785 INFO poll ok: 103 Dublin Bus trips, 5 new/changed stop delays, 0 new/changed trips
2026-09-22 12:39:45,994 INFO poll ok: 103 Dublin Bus trips, 6 new/changed stop delays, 0 new/changed trips
2026-09-22 12:40:47,265 INFO poll ok: 103 Dublin Bus trips, 5 new/changed stop delays, 1 new/changed trips
2026-09-22 12:41:47,847 INFO poll ok: 103 Dublin Bus trips, 8 new/changed stop delays, 3 new/changed trips
2026-09-22 12:42:50,698 INFO poll ok: 103 Dublin Bus trips, 5 new/changed stop delays, 2 new/changed trips
2026-09-22 12:43:51,729 INFO poll ok: 104 Dublin Bus trips, 26 new/changed stop delays, 3 new/changed trips
2026-09-22 12:44:55,038 INFO poll ok: 104 Dublin Bus trips, 10 new/changed stop delays, 0 new/changed trips
2026-09-22 12:45:57,398 INFO poll ok: 106 Dublin Bus trips, 65 new/changed stop delays, 2 new/changed trips
2026-09-22 12:47:00,538 INFO poll ok: 106 Dublin Bus trips, 8 new/changed stop delays, 0 new/changed trips
2026-09-22 12:48:01,915 INFO poll ok: 105 Dublin Bus trips, 12 new/changed stop delays, 3 new/changed trips
2026-09-22 12:49:02,310 INFO poll ok: 105 Dublin Bus trips, 6 new/changed stop delays, 2 new/changed trips
2026-09-22 12:50:03,738 INFO poll ok: 105 Dublin Bus trips, 5 new/changed stop delays, 0 new/changed trips
2026-09-22 12:51:05,770 INFO poll ok: 106 Dublin Bus trips, 60 new/changed stop delays, 2 new/changed trips
2026-09-22 12:52:09,968 INFO poll ok: 106 Dublin Bus trips, 4 new/changed stop delays, 0 new/changed trips
2026-09-22 12:53:11,859 INFO poll ok: 107 Dublin Bus trips, 30 new/changed stop delays, 3 new/changed trips
2026-09-22 12:54:13,604 INFO poll ok: 108 Dublin Bus trips, 29 new/changed stop delays, 4 new/changed trips
2026-09-22 12:55:15,167 INFO poll ok: 109 Dublin Bus trips, 16 new/changed stop delays, 2 new/changed trips
2026-09-22 12:56:17,463 INFO poll ok: 109 Dublin Bus trips, 8 new/changed stop delays, 5 new/changed trips
2026-09-22 12:57:20,249 INFO poll ok: 109 Dublin Bus trips, 5 new/changed stop delays, 0 new/changed trips
2026-09-22 12:58:20,113 INFO poll ok: 109 Dublin Bus trips, 6 new/changed stop delays, 0 new/changed trips
2026-09-22 12:59:22,032 INFO poll ok: 109 Dublin Bus trips, 26 new/changed stop delays, 5 new/changed trips
2026-09-22 13:00:23,824 INFO poll ok: 117 Dublin Bus trips, 168 new/changed stop delays, 12 new/changed trips
2026-09-22 13:01:27,877 INFO poll ok: 119 Dublin Bus trips, 30 new/changed stop delays, 2 new/changed trips
2026-09-22 13:02:30,678 INFO poll ok: 121 Dublin Bus trips, 22 new/changed stop delays, 5 new/changed trips
2026-09-22 13:03:31,451 INFO poll ok: 122 Dublin Bus trips, 37 new/changed stop delays, 2 new/changed trips
2026-09-22 13:04:34,285 INFO poll ok: 122 Dublin Bus trips, 5 new/changed stop delays, 0 new/changed trips
2026-09-22 13:05:35,844 INFO poll ok: 123 Dublin Bus trips, 45 new/changed stop delays, 3 new/changed trips
2026-09-22 13:06:37,928 INFO poll ok: 123 Dublin Bus trips, 4 new/changed stop delays, 0 new/changed trips
2026-09-22 13:07:39,427 INFO poll ok: 103 Dublin Bus trips, 31 new/changed stop delays, 1 new/changed trips
2026-09-22 13:08:41,163 INFO poll ok: 103 Dublin Bus trips, 8 new/changed stop delays, 3 new/changed trips
2026-09-22 13:09:42,971 INFO poll ok: 104 Dublin Bus trips, 35 new/changed stop delays, 1 new/changed trips
2026-09-22 13:10:43,825 INFO poll ok: 105 Dublin Bus trips, 6 new/changed stop delays, 1 new/changed trips
2026-09-22 13:11:47,818 INFO poll ok: 105 Dublin Bus trips, 7 new/changed stop delays, 0 new/changed trips
2026-09-22 13:12:49,091 INFO poll ok: 105 Dublin Bus trips, 4 new/changed stop delays, 2 new/changed trips
2026-09-22 13:13:49,683 INFO poll ok: 104 Dublin Bus trips, 5 new/changed stop delays, 0 new/changed trips
2026-09-22 13:14:53,410 INFO poll ok: 104 Dublin Bus trips, 8 new/changed stop delays, 0 new/changed trips
2026-09-22 13:15:55,426 INFO poll ok: 104 Dublin Bus trips, 19 new/changed stop delays, 1 new/changed trips
2026-09-22 13:16:57,270 INFO poll ok: 104 Dublin Bus trips, 6 new/changed stop delays, 3 new/changed trips
2026-09-22 13:18:00,080 INFO poll ok: 104 Dublin Bus trips, 6 new/changed stop delays, 1 new/changed trips
2026-09-22 13:19:01,215 INFO poll ok: 104 Dublin Bus trips, 7 new/changed stop delays, 1 new/changed trips
2026-09-22 13:20:03,662 INFO poll ok: 104 Dublin Bus trips, 8 new/changed stop delays, 0 new/changed trips
2026-09-22 13:21:04,185 INFO poll ok: 104 Dublin Bus trips, 11 new/changed stop delays, 0 new/changed trips
2026-09-22 13:22:05,925 INFO poll ok: 106 Dublin Bus trips, 34 new/changed stop delays, 2 new/changed trips
2026-09-22 13:23:07,900 INFO poll ok: 106 Dublin Bus trips, 9 new/changed stop delays, 4 new/changed trips
2026-09-22 13:24:11,443 INFO poll ok: 107 Dublin Bus trips, 29 new/changed stop delays, 2 new/changed trips
2026-09-22 13:25:11,905 INFO poll ok: 108 Dublin Bus trips, 19 new/changed stop delays, 1 new/changed trips
2026-09-22 13:26:16,099 INFO poll ok: 107 Dublin Bus trips, 3 new/changed stop delays, 1 new/changed trips
2026-09-22 13:27:18,563 INFO poll ok: 107 Dublin Bus trips, 5 new/changed stop delays, 0 new/changed trips
2026-09-22 13:28:19,441 INFO poll ok: 107 Dublin Bus trips, 8 new/changed stop delays, 2 new/changed trips
2026-09-22 13:29:19,958 INFO poll ok: 108 Dublin Bus trips, 17 new/changed stop delays, 2 new/changed trips
2026-09-22 13:30:22,470 INFO poll ok: 121 Dublin Bus trips, 243 new/changed stop delays, 14 new/changed trips
2026-09-22 13:31:23,960 INFO poll ok: 121 Dublin Bus trips, 21 new/changed stop delays, 0 new/changed trips
2026-09-22 13:32:28,067 INFO poll ok: 121 Dublin Bus trips, 5 new/changed stop delays, 5 new/changed trips
2026-09-22 13:33:30,366 INFO poll ok: 121 Dublin Bus trips, 5 new/changed stop delays, 4 new/changed trips
2026-09-22 13:34:31,870 INFO poll ok: 121 Dublin Bus trips, 6 new/changed stop delays, 0 new/changed trips
2026-09-22 13:35:33,867 INFO poll ok: 121 Dublin Bus trips, 0 new/changed stop delays, 0 new/changed trips
2026-09-22 13:36:35,670 INFO poll ok: 121 Dublin Bus trips, 0 new/changed stop delays, 0 new/changed trips
2026-09-22 13:37:35,735 INFO poll ok: 96 Dublin Bus trips, 18 new/changed stop delays, 0 new/changed trips
2026-09-22 13:38:40,045 INFO poll ok: 96 Dublin Bus trips, 1 new/changed stop delays, 13 new/changed trips
2026-09-22 13:39:40,607 INFO poll ok: 96 Dublin Bus trips, 0 new/changed stop delays, 0 new/changed trips
2026-09-22 13:40:51,100 ERROR poll failed: 500 Server Error: Internal Server Error for url: https://api.nationaltransport.ie/gtfsr/v2/TripUpdates?format=json
2026-09-22 13:42:49,619 ERROR poll failed: 500 Server Error: Internal Server Error for url: https://api.nationaltransport.ie/gtfsr/v2/TripUpdates?format=json
2026-09-22 13:46:55,517 INFO poll ok: 96 Dublin Bus trips, 30 new/changed stop delays, 37 new/changed trips
2026-09-22 13:47:56,285 INFO poll ok: 96 Dublin Bus trips, 4 new/changed stop delays, 0 new/changed trips
2026-09-22 13:48:58,172 INFO poll ok: 96 Dublin Bus trips, 3 new/changed stop delays, 0 new/changed trips
2026-09-22 13:50:01,311 INFO poll ok: 97 Dublin Bus trips, 6 new/changed stop delays, 0 new/changed trips
2026-09-22 13:51:02,187 INFO poll ok: 98 Dublin Bus trips, 32 new/changed stop delays, 1 new/changed trips
2026-09-22 13:52:05,009 INFO poll ok: 98 Dublin Bus trips, 5 new/changed stop delays, 0 new/changed trips
2026-09-22 13:53:06,196 INFO poll ok: 99 Dublin Bus trips, 68 new/changed stop delays, 1 new/changed trips
2026-09-22 13:54:07,947 INFO poll ok: 99 Dublin Bus trips, 2 new/changed stop delays, 0 new/changed trips
2026-09-22 13:55:10,255 INFO poll ok: 99 Dublin Bus trips, 3 new/changed stop delays, 0 new/changed trips
2026-09-22 13:56:13,576 INFO poll ok: 101 Dublin Bus trips, 47 new/changed stop delays, 2 new/changed trips
2026-09-22 13:57:14,366 INFO poll ok: 101 Dublin Bus trips, 3 new/changed stop delays, 0 new/changed trips
2026-09-22 13:58:16,656 INFO poll ok: 102 Dublin Bus trips, 25 new/changed stop delays, 1 new/changed trips
2026-09-22 13:59:18,664 INFO poll ok: 102 Dublin Bus trips, 6 new/changed stop delays, 0 new/changed trips
2026-09-22 14:00:21,585 INFO poll ok: 115 Dublin Bus trips, 221 new/changed stop delays, 13 new/changed trips
2026-09-22 14:01:24,730 INFO poll ok: 115 Dublin Bus trips, 0 new/changed stop delays, 0 new/changed trips
2026-09-22 14:02:26,994 INFO poll ok: 115 Dublin Bus trips, 0 new/changed stop delays, 2 new/changed trips
2026-09-22 14:03:26,263 INFO poll ok: 115 Dublin Bus trips, 9 new/changed stop delays, 1 new/changed trips
2026-09-22 14:04:30,900 INFO poll ok: 115 Dublin Bus trips, 39 new/changed stop delays, 0 new/changed trips
2026-09-22 14:05:30,446 INFO poll ok: 116 Dublin Bus trips, 44 new/changed stop delays, 1 new/changed trips
2026-09-22 14:06:32,191 INFO poll ok: 116 Dublin Bus trips, 0 new/changed stop delays, 0 new/changed trips
2026-09-22 14:07:34,198 INFO poll ok: 117 Dublin Bus trips, 27 new/changed stop delays, 1 new/changed trips
2026-09-22 14:08:38,356 INFO poll ok: 118 Dublin Bus trips, 54 new/changed stop delays, 5 new/changed trips
2026-09-22 14:09:40,225 INFO poll ok: 120 Dublin Bus trips, 26 new/changed stop delays, 3 new/changed trips
2026-09-22 14:10:40,237 INFO poll ok: 120 Dublin Bus trips, 0 new/changed stop delays, 1 new/changed trips
2026-09-22 14:11:43,058 INFO poll ok: 120 Dublin Bus trips, 14 new/changed stop delays, 0 new/changed trips
2026-09-22 14:12:44,340 INFO poll ok: 120 Dublin Bus trips, 2 new/changed stop delays, 0 new/changed trips
2026-09-22 14:13:48,110 INFO poll ok: 120 Dublin Bus trips, 14 new/changed stop delays, 0 new/changed trips
2026-09-22 14:14:49,595 INFO poll ok: 120 Dublin Bus trips, 7 new/changed stop delays, 0 new/changed trips
2026-09-22 14:15:50,330 INFO poll ok: 99 Dublin Bus trips, 46 new/changed stop delays, 1 new/changed trips
2026-09-22 14:16:54,529 INFO poll ok: 99 Dublin Bus trips, 0 new/changed stop delays, 0 new/changed trips
2026-09-22 14:17:54,329 INFO poll ok: 99 Dublin Bus trips, 0 new/changed stop delays, 0 new/changed trips
2026-09-22 14:18:56,263 INFO poll ok: 99 Dublin Bus trips, 0 new/changed stop delays, 0 new/changed trips
2026-09-22 14:19:58,140 INFO poll ok: 99 Dublin Bus trips, 0 new/changed stop delays, 3 new/changed trips
2026-09-22 14:21:01,785 INFO poll ok: 103 Dublin Bus trips, 434 new/changed stop delays, 5 new/changed trips
2026-09-22 14:22:02,399 INFO poll ok: 104 Dublin Bus trips, 25 new/changed stop delays, 1 new/changed trips
2026-09-22 14:23:06,508 INFO poll ok: 104 Dublin Bus trips, 9 new/changed stop delays, 0 new/changed trips
2026-09-22 14:24:06,762 INFO poll ok: 104 Dublin Bus trips, 2 new/changed stop delays, 0 new/changed trips
2026-09-22 14:25:09,694 INFO poll ok: 105 Dublin Bus trips, 4 new/changed stop delays, 1 new/changed trips
2026-09-22 14:26:10,462 INFO poll ok: 106 Dublin Bus trips, 33 new/changed stop delays, 6 new/changed trips
2026-09-22 14:27:13,662 INFO poll ok: 106 Dublin Bus trips, 6 new/changed stop delays, 0 new/changed trips
2026-09-22 14:28:14,582 INFO poll ok: 107 Dublin Bus trips, 13 new/changed stop delays, 2 new/changed trips
2026-09-22 14:29:18,629 INFO poll ok: 107 Dublin Bus trips, 4 new/changed stop delays, 1 new/changed trips
2026-09-22 14:30:19,097 INFO poll ok: 120 Dublin Bus trips, 242 new/changed stop delays, 13 new/changed trips
2026-09-22 14:31:20,539 INFO poll ok: 115 Dublin Bus trips, 8 new/changed stop delays, 1 new/changed trips
2026-09-22 14:32:22,487 INFO poll ok: 116 Dublin Bus trips, 26 new/changed stop delays, 4 new/changed trips
2026-09-22 14:33:27,001 INFO poll ok: 117 Dublin Bus trips, 17 new/changed stop delays, 2 new/changed trips
2026-09-22 14:34:28,283 INFO poll ok: 117 Dublin Bus trips, 8 new/changed stop delays, 0 new/changed trips
2026-09-22 14:35:30,190 INFO poll ok: 121 Dublin Bus trips, 65 new/changed stop delays, 4 new/changed trips
2026-09-22 14:36:30,393 INFO poll ok: 122 Dublin Bus trips, 21 new/changed stop delays, 2 new/changed trips
2026-09-22 14:37:33,737 INFO poll ok: 122 Dublin Bus trips, 7 new/changed stop delays, 0 new/changed trips
2026-09-22 14:38:34,407 INFO poll ok: 120 Dublin Bus trips, 5 new/changed stop delays, 0 new/changed trips
2026-09-22 14:39:37,819 INFO poll ok: 121 Dublin Bus trips, 11 new/changed stop delays, 1 new/changed trips
2026-09-22 14:40:40,267 INFO poll ok: 121 Dublin Bus trips, 10 new/changed stop delays, 0 new/changed trips
2026-09-22 14:41:40,469 INFO poll ok: 121 Dublin Bus trips, 6 new/changed stop delays, 0 new/changed trips
2026-09-22 14:42:45,083 INFO poll ok: 122 Dublin Bus trips, 32 new/changed stop delays, 1 new/changed trips
2026-09-22 14:43:44,482 INFO poll ok: 122 Dublin Bus trips, 7 new/changed stop delays, 0 new/changed trips
2026-09-22 14:44:47,807 INFO poll ok: 122 Dublin Bus trips, 6 new/changed stop delays, 0 new/changed trips
2026-09-22 14:45:49,303 INFO poll ok: 103 Dublin Bus trips, 10 new/changed stop delays, 3 new/changed trips
2026-09-22 14:46:50,536 INFO poll ok: 105 Dublin Bus trips, 48 new/changed stop delays, 2 new/changed trips
2026-09-22 14:47:54,641 INFO poll ok: 106 Dublin Bus trips, 31 new/changed stop delays, 1 new/changed trips
2026-09-22 14:48:56,404 INFO poll ok: 108 Dublin Bus trips, 59 new/changed stop delays, 3 new/changed trips
2026-09-22 14:49:58,753 INFO poll ok: 108 Dublin Bus trips, 6 new/changed stop delays, 2 new/changed trips
2026-09-22 14:51:00,908 INFO poll ok: 111 Dublin Bus trips, 70 new/changed stop delays, 3 new/changed trips
2026-09-22 14:52:03,448 INFO poll ok: 112 Dublin Bus trips, 40 new/changed stop delays, 1 new/changed trips
2026-09-22 14:53:04,096 INFO poll ok: 112 Dublin Bus trips, 9 new/changed stop delays, 0 new/changed trips
2026-09-22 14:54:05,026 INFO poll ok: 112 Dublin Bus trips, 3 new/changed stop delays, 1 new/changed trips
2026-09-22 14:55:06,619 INFO poll ok: 113 Dublin Bus trips, 28 new/changed stop delays, 1 new/changed trips
2026-09-22 14:56:11,186 INFO poll ok: 115 Dublin Bus trips, 82 new/changed stop delays, 8 new/changed trips
2026-09-22 14:57:13,655 INFO poll ok: 116 Dublin Bus trips, 14 new/changed stop delays, 3 new/changed trips
2026-09-22 14:58:15,039 INFO poll ok: 116 Dublin Bus trips, 8 new/changed stop delays, 0 new/changed trips
2026-09-22 14:59:15,240 INFO poll ok: 116 Dublin Bus trips, 10 new/changed stop delays, 0 new/changed trips
2026-09-22 15:00:16,583 INFO poll ok: 132 Dublin Bus trips, 276 new/changed stop delays, 16 new/changed trips
2026-09-22 15:01:18,585 INFO poll ok: 129 Dublin Bus trips, 23 new/changed stop delays, 2 new/changed trips
2026-09-22 15:02:22,387 INFO poll ok: 130 Dublin Bus trips, 27 new/changed stop delays, 3 new/changed trips
2026-09-22 15:03:23,877 INFO poll ok: 131 Dublin Bus trips, 11 new/changed stop delays, 2 new/changed trips
2026-09-22 15:04:24,704 INFO poll ok: 131 Dublin Bus trips, 5 new/changed stop delays, 0 new/changed trips
2026-09-22 15:05:28,599 INFO poll ok: 132 Dublin Bus trips, 13 new/changed stop delays, 1 new/changed trips
2026-09-22 15:06:31,532 INFO poll ok: 134 Dublin Bus trips, 31 new/changed stop delays, 3 new/changed trips
2026-09-22 15:07:31,994 INFO poll ok: 135 Dublin Bus trips, 9 new/changed stop delays, 4 new/changed trips
2026-09-22 15:08:35,697 INFO poll ok: 135 Dublin Bus trips, 10 new/changed stop delays, 0 new/changed trips
2026-09-22 15:09:39,444 INFO poll ok: 135 Dublin Bus trips, 26 new/changed stop delays, 2 new/changed trips
2026-09-22 15:10:39,747 INFO poll ok: 138 Dublin Bus trips, 70 new/changed stop delays, 3 new/changed trips
2026-09-22 15:11:39,030 INFO poll ok: 137 Dublin Bus trips, 5 new/changed stop delays, 0 new/changed trips
2026-09-22 15:12:40,655 INFO poll ok: 137 Dublin Bus trips, 8 new/changed stop delays, 0 new/changed trips
2026-09-22 15:13:45,195 INFO poll ok: 138 Dublin Bus trips, 26 new/changed stop delays, 1 new/changed trips
2026-09-22 15:14:45,760 INFO poll ok: 138 Dublin Bus trips, 6 new/changed stop delays, 0 new/changed trips
2026-09-22 15:15:46,683 INFO poll ok: 130 Dublin Bus trips, 165 new/changed stop delays, 10 new/changed trips
2026-09-22 15:16:48,746 INFO poll ok: 130 Dublin Bus trips, 18 new/changed stop delays, 4 new/changed trips
2026-09-22 15:17:53,770 INFO poll ok: 133 Dublin Bus trips, 87 new/changed stop delays, 4 new/changed trips
2026-09-22 15:18:55,286 INFO poll ok: 135 Dublin Bus trips, 35 new/changed stop delays, 5 new/changed trips
2026-09-22 15:19:56,339 INFO poll ok: 135 Dublin Bus trips, 5 new/changed stop delays, 0 new/changed trips
2026-09-22 15:20:58,859 INFO poll ok: 145 Dublin Bus trips, 197 new/changed stop delays, 12 new/changed trips
2026-09-22 15:21:58,778 INFO poll ok: 144 Dublin Bus trips, 5 new/changed stop delays, 0 new/changed trips
2026-09-22 15:23:02,303 INFO poll ok: 144 Dublin Bus trips, 6 new/changed stop delays, 2 new/changed trips
2026-09-22 15:24:02,975 INFO poll ok: 144 Dublin Bus trips, 8 new/changed stop delays, 0 new/changed trips
2026-09-22 15:25:05,136 INFO poll ok: 144 Dublin Bus trips, 11 new/changed stop delays, 3 new/changed trips
2026-09-22 15:26:10,212 INFO poll ok: 147 Dublin Bus trips, 55 new/changed stop delays, 7 new/changed trips
2026-09-22 15:27:11,583 INFO poll ok: 149 Dublin Bus trips, 35 new/changed stop delays, 5 new/changed trips
2026-09-22 15:28:13,667 INFO poll ok: 151 Dublin Bus trips, 36 new/changed stop delays, 3 new/changed trips
2026-09-22 15:29:14,686 INFO poll ok: 151 Dublin Bus trips, 4 new/changed stop delays, 0 new/changed trips
2026-09-22 15:30:15,159 INFO poll ok: 186 Dublin Bus trips, 654 new/changed stop delays, 35 new/changed trips
2026-09-22 15:31:17,158 INFO poll ok: 186 Dublin Bus trips, 5 new/changed stop delays, 4 new/changed trips
2026-09-22 15:32:19,680 INFO poll ok: 187 Dublin Bus trips, 35 new/changed stop delays, 3 new/changed trips
2026-09-22 15:33:22,089 INFO poll ok: 189 Dublin Bus trips, 33 new/changed stop delays, 2 new/changed trips
2026-09-22 15:34:23,162 INFO poll ok: 190 Dublin Bus trips, 23 new/changed stop delays, 1 new/changed trips
2026-09-22 15:35:25,094 INFO poll ok: 195 Dublin Bus trips, 102 new/changed stop delays, 7 new/changed trips
2026-09-22 15:36:27,387 INFO poll ok: 194 Dublin Bus trips, 21 new/changed stop delays, 1 new/changed trips
2026-09-22 15:37:29,500 INFO poll ok: 197 Dublin Bus trips, 76 new/changed stop delays, 3 new/changed trips
2026-09-22 15:38:31,376 INFO poll ok: 197 Dublin Bus trips, 5 new/changed stop delays, 0 new/changed trips
2026-09-22 15:39:33,493 INFO poll ok: 198 Dublin Bus trips, 21 new/changed stop delays, 1 new/changed trips
2026-09-22 15:40:35,154 INFO poll ok: 210 Dublin Bus trips, 246 new/changed stop delays, 14 new/changed trips
2026-09-22 15:41:37,296 INFO poll ok: 212 Dublin Bus trips, 75 new/changed stop delays, 2 new/changed trips
2026-09-22 15:42:39,468 INFO poll ok: 214 Dublin Bus trips, 34 new/changed stop delays, 4 new/changed trips
2026-09-22 15:43:41,164 INFO poll ok: 215 Dublin Bus trips, 30 new/changed stop delays, 2 new/changed trips
2026-09-22 15:44:43,246 INFO poll ok: 216 Dublin Bus trips, 56 new/changed stop delays, 2 new/changed trips
2026-09-22 15:45:45,827 INFO poll ok: 210 Dublin Bus trips, 265 new/changed stop delays, 14 new/changed trips
2026-09-22 15:46:47,490 INFO poll ok: 210 Dublin Bus trips, 5 new/changed stop delays, 1 new/changed trips
2026-09-22 15:47:49,676 INFO poll ok: 210 Dublin Bus trips, 58 new/changed stop delays, 2 new/changed trips
2026-09-22 15:48:51,304 INFO poll ok: 211 Dublin Bus trips, 45 new/changed stop delays, 3 new/changed trips
2026-09-22 15:49:53,408 INFO poll ok: 211 Dublin Bus trips, 28 new/changed stop delays, 2 new/changed trips
2026-09-22 15:50:55,506 INFO poll ok: 224 Dublin Bus trips, 272 new/changed stop delays, 16 new/changed trips
2026-09-22 15:51:58,734 INFO poll ok: 225 Dublin Bus trips, 23 new/changed stop delays, 1 new/changed trips
2026-09-22 15:52:59,561 INFO poll ok: 227 Dublin Bus trips, 30 new/changed stop delays, 2 new/changed trips
2026-09-22 15:54:01,747 INFO poll ok: 227 Dublin Bus trips, 9 new/changed stop delays, 0 new/changed trips
2026-09-22 15:55:03,820 INFO poll ok: 232 Dublin Bus trips, 117 new/changed stop delays, 9 new/changed trips
2026-09-22 15:56:11,441 INFO poll ok: 237 Dublin Bus trips, 128 new/changed stop delays, 13 new/changed trips
2026-09-22 15:57:07,989 INFO poll ok: 237 Dublin Bus trips, 15 new/changed stop delays, 3 new/changed trips
2026-09-22 15:58:16,049 INFO poll ok: 239 Dublin Bus trips, 50 new/changed stop delays, 3 new/changed trips
2026-09-22 15:59:13,462 INFO poll ok: 241 Dublin Bus trips, 35 new/changed stop delays, 4 new/changed trips
2026-09-22 16:00:14,341 INFO poll ok: 294 Dublin Bus trips, 1019 new/changed stop delays, 57 new/changed trips
2026-09-22 16:01:16,164 INFO poll ok: 293 Dublin Bus trips, 10 new/changed stop delays, 1 new/changed trips
2026-09-22 16:02:19,018 INFO poll ok: 295 Dublin Bus trips, 89 new/changed stop delays, 3 new/changed trips
2026-09-22 16:03:22,148 INFO poll ok: 298 Dublin Bus trips, 33 new/changed stop delays, 7 new/changed trips
2026-09-22 16:04:22,225 INFO poll ok: 301 Dublin Bus trips, 44 new/changed stop delays, 3 new/changed trips
2026-09-22 16:05:24,240 INFO poll ok: 310 Dublin Bus trips, 165 new/changed stop delays, 12 new/changed trips
2026-09-22 16:06:26,168 INFO poll ok: 315 Dublin Bus trips, 68 new/changed stop delays, 9 new/changed trips
2026-09-22 16:07:27,988 INFO poll ok: 318 Dublin Bus trips, 46 new/changed stop delays, 4 new/changed trips
2026-09-22 16:08:30,793 INFO poll ok: 317 Dublin Bus trips, 11 new/changed stop delays, 0 new/changed trips
2026-09-22 16:09:33,316 INFO poll ok: 322 Dublin Bus trips, 90 new/changed stop delays, 5 new/changed trips
2026-09-22 16:10:34,372 INFO poll ok: 340 Dublin Bus trips, 433 new/changed stop delays, 22 new/changed trips
2026-09-22 16:11:36,301 INFO poll ok: 340 Dublin Bus trips, 22 new/changed stop delays, 2 new/changed trips
2026-09-22 16:12:38,554 INFO poll ok: 342 Dublin Bus trips, 47 new/changed stop delays, 4 new/changed trips
2026-09-22 16:13:40,792 INFO poll ok: 344 Dublin Bus trips, 52 new/changed stop delays, 2 new/changed trips
2026-09-22 16:14:42,988 INFO poll ok: 343 Dublin Bus trips, 12 new/changed stop delays, 0 new/changed trips
2026-09-22 16:15:47,025 INFO poll ok: 352 Dublin Bus trips, 664 new/changed stop delays, 37 new/changed trips
2026-09-22 16:16:46,623 INFO poll ok: 351 Dublin Bus trips, 37 new/changed stop delays, 2 new/changed trips
2026-09-22 16:17:48,920 INFO poll ok: 353 Dublin Bus trips, 48 new/changed stop delays, 8 new/changed trips
2026-09-22 16:18:50,374 INFO poll ok: 356 Dublin Bus trips, 43 new/changed stop delays, 5 new/changed trips
2026-09-22 16:19:54,216 INFO poll ok: 357 Dublin Bus trips, 46 new/changed stop delays, 3 new/changed trips
2026-09-22 16:20:55,292 INFO poll ok: 393 Dublin Bus trips, 656 new/changed stop delays, 43 new/changed trips
2026-09-22 16:21:57,343 INFO poll ok: 391 Dublin Bus trips, 55 new/changed stop delays, 2 new/changed trips
2026-09-22 16:22:58,680 INFO poll ok: 396 Dublin Bus trips, 100 new/changed stop delays, 5 new/changed trips
2026-09-22 16:24:02,338 INFO poll ok: 399 Dublin Bus trips, 45 new/changed stop delays, 3 new/changed trips
2026-09-22 16:25:03,328 INFO poll ok: 401 Dublin Bus trips, 32 new/changed stop delays, 2 new/changed trips
2026-09-22 16:26:04,795 INFO poll ok: 414 Dublin Bus trips, 224 new/changed stop delays, 20 new/changed trips
2026-09-22 16:27:07,617 INFO poll ok: 416 Dublin Bus trips, 61 new/changed stop delays, 4 new/changed trips
2026-09-22 16:28:12,704 INFO poll ok: 418 Dublin Bus trips, 61 new/changed stop delays, 4 new/changed trips
2026-09-22 16:29:10,659 INFO poll ok: 421 Dublin Bus trips, 85 new/changed stop delays, 8 new/changed trips
2026-09-22 16:30:16,146 INFO poll ok: 479 Dublin Bus trips, 1149 new/changed stop delays, 64 new/changed trips
2026-09-22 16:31:16,315 INFO poll ok: 478 Dublin Bus trips, 185 new/changed stop delays, 16 new/changed trips
2026-09-22 16:32:18,118 INFO poll ok: 480 Dublin Bus trips, 118 new/changed stop delays, 7 new/changed trips
2026-09-22 16:33:19,516 INFO poll ok: 486 Dublin Bus trips, 136 new/changed stop delays, 7 new/changed trips
2026-09-22 16:34:22,952 INFO poll ok: 486 Dublin Bus trips, 60 new/changed stop delays, 2 new/changed trips
2026-09-22 16:35:25,365 INFO poll ok: 500 Dublin Bus trips, 255 new/changed stop delays, 21 new/changed trips
2026-09-22 16:36:32,547 INFO poll ok: 499 Dublin Bus trips, 64 new/changed stop delays, 3 new/changed trips
2026-09-22 16:37:27,318 INFO poll ok: 506 Dublin Bus trips, 130 new/changed stop delays, 12 new/changed trips
2026-09-22 16:38:38,931 INFO poll ok: 510 Dublin Bus trips, 49 new/changed stop delays, 7 new/changed trips
2026-09-22 16:39:32,793 INFO poll ok: 513 Dublin Bus trips, 101 new/changed stop delays, 3 new/changed trips
2026-09-22 16:40:34,386 INFO poll ok: 547 Dublin Bus trips, 659 new/changed stop delays, 41 new/changed trips
2026-09-22 16:41:36,223 INFO poll ok: 542 Dublin Bus trips, 33 new/changed stop delays, 3 new/changed trips
2026-09-22 16:42:38,242 INFO poll ok: 554 Dublin Bus trips, 216 new/changed stop delays, 14 new/changed trips
2026-09-22 16:43:40,144 INFO poll ok: 552 Dublin Bus trips, 57 new/changed stop delays, 4 new/changed trips
2026-09-22 16:44:41,989 INFO poll ok: 555 Dublin Bus trips, 35 new/changed stop delays, 5 new/changed trips
2026-09-22 16:45:43,182 INFO poll ok: 568 Dublin Bus trips, 709 new/changed stop delays, 41 new/changed trips
2026-09-22 16:46:46,125 INFO poll ok: 570 Dublin Bus trips, 57 new/changed stop delays, 5 new/changed trips
2026-09-22 16:47:49,750 INFO poll ok: 574 Dublin Bus trips, 110 new/changed stop delays, 6 new/changed trips
2026-09-22 16:48:49,934 INFO poll ok: 577 Dublin Bus trips, 42 new/changed stop delays, 5 new/changed trips
2026-09-22 16:49:55,189 INFO poll ok: 577 Dublin Bus trips, 24 new/changed stop delays, 2 new/changed trips
2026-09-22 16:50:55,355 INFO poll ok: 603 Dublin Bus trips, 552 new/changed stop delays, 33 new/changed trips
2026-09-22 16:51:58,439 INFO poll ok: 602 Dublin Bus trips, 108 new/changed stop delays, 9 new/changed trips
2026-09-22 16:53:12,172 INFO poll ok: 612 Dublin Bus trips, 180 new/changed stop delays, 11 new/changed trips
2026-09-22 16:54:03,298 INFO poll ok: 613 Dublin Bus trips, 80 new/changed stop delays, 3 new/changed trips
2026-09-22 16:55:03,302 INFO poll ok: 623 Dublin Bus trips, 234 new/changed stop delays, 14 new/changed trips
2026-09-22 16:56:05,148 INFO poll ok: 634 Dublin Bus trips, 273 new/changed stop delays, 26 new/changed trips
2026-09-22 16:57:05,573 INFO poll ok: 631 Dublin Bus trips, 21 new/changed stop delays, 5 new/changed trips
2026-09-22 16:58:08,607 INFO poll ok: 632 Dublin Bus trips, 73 new/changed stop delays, 13 new/changed trips
2026-09-22 16:59:11,218 INFO poll ok: 638 Dublin Bus trips, 172 new/changed stop delays, 6 new/changed trips
2026-09-22 17:00:13,359 INFO poll ok: 638 Dublin Bus trips, 76 new/changed stop delays, 8 new/changed trips
2026-09-22 17:01:15,335 INFO poll ok: 713 Dublin Bus trips, 1435 new/changed stop delays, 84 new/changed trips
2026-09-22 17:02:16,929 INFO poll ok: 712 Dublin Bus trips, 128 new/changed stop delays, 13 new/changed trips
2026-09-22 17:03:20,608 INFO poll ok: 718 Dublin Bus trips, 287 new/changed stop delays, 12 new/changed trips
2026-09-22 17:04:25,499 INFO poll ok: 723 Dublin Bus trips, 210 new/changed stop delays, 9 new/changed trips
2026-09-22 17:05:24,147 INFO poll ok: 711 Dublin Bus trips, 292 new/changed stop delays, 18 new/changed trips
2026-09-22 17:06:27,035 INFO poll ok: 717 Dublin Bus trips, 218 new/changed stop delays, 13 new/changed trips
2026-09-22 17:07:28,282 INFO poll ok: 727 Dublin Bus trips, 218 new/changed stop delays, 15 new/changed trips
2026-09-22 17:08:31,080 INFO poll ok: 729 Dublin Bus trips, 58 new/changed stop delays, 4 new/changed trips
2026-09-22 17:09:32,529 INFO poll ok: 729 Dublin Bus trips, 51 new/changed stop delays, 4 new/changed trips
2026-09-22 17:10:34,092 INFO poll ok: 752 Dublin Bus trips, 772 new/changed stop delays, 45 new/changed trips
2026-09-22 17:11:35,404 INFO poll ok: 758 Dublin Bus trips, 138 new/changed stop delays, 8 new/changed trips
2026-09-22 17:12:38,208 INFO poll ok: 764 Dublin Bus trips, 259 new/changed stop delays, 12 new/changed trips
2026-09-22 17:13:40,705 INFO poll ok: 769 Dublin Bus trips, 192 new/changed stop delays, 10 new/changed trips
2026-09-22 17:14:41,672 INFO poll ok: 770 Dublin Bus trips, 102 new/changed stop delays, 13 new/changed trips
2026-09-22 17:15:44,216 INFO poll ok: 806 Dublin Bus trips, 1018 new/changed stop delays, 67 new/changed trips
2026-09-22 17:16:45,805 INFO poll ok: 811 Dublin Bus trips, 124 new/changed stop delays, 14 new/changed trips
2026-09-22 17:17:48,182 INFO poll ok: 816 Dublin Bus trips, 161 new/changed stop delays, 8 new/changed trips
2026-09-22 17:18:49,647 INFO poll ok: 826 Dublin Bus trips, 294 new/changed stop delays, 14 new/changed trips
2026-09-22 17:19:50,718 INFO poll ok: 829 Dublin Bus trips, 133 new/changed stop delays, 12 new/changed trips
2026-09-22 17:20:55,949 INFO poll ok: 859 Dublin Bus trips, 789 new/changed stop delays, 45 new/changed trips
2026-09-22 17:21:57,935 INFO poll ok: 864 Dublin Bus trips, 156 new/changed stop delays, 13 new/changed trips
2026-09-22 17:22:58,138 INFO poll ok: 872 Dublin Bus trips, 232 new/changed stop delays, 16 new/changed trips
2026-09-22 17:24:02,185 INFO poll ok: 880 Dublin Bus trips, 198 new/changed stop delays, 13 new/changed trips
2026-09-22 17:25:02,408 INFO poll ok: 888 Dublin Bus trips, 257 new/changed stop delays, 18 new/changed trips
2026-09-22 17:26:06,312 INFO poll ok: 900 Dublin Bus trips, 384 new/changed stop delays, 34 new/changed trips
2026-09-22 17:27:07,943 INFO poll ok: 905 Dublin Bus trips, 180 new/changed stop delays, 13 new/changed trips
2026-09-22 17:28:16,655 INFO poll ok: 906 Dublin Bus trips, 126 new/changed stop delays, 9 new/changed trips
2026-09-22 17:29:11,476 INFO poll ok: 912 Dublin Bus trips, 181 new/changed stop delays, 15 new/changed trips
2026-09-22 17:30:13,270 INFO poll ok: 925 Dublin Bus trips, 317 new/changed stop delays, 23 new/changed trips
2026-09-22 17:31:15,106 INFO poll ok: 980 Dublin Bus trips, 1238 new/changed stop delays, 74 new/changed trips
2026-09-22 17:32:18,837 INFO poll ok: 987 Dublin Bus trips, 240 new/changed stop delays, 20 new/changed trips
2026-09-22 17:33:22,557 INFO poll ok: 990 Dublin Bus trips, 213 new/changed stop delays, 14 new/changed trips
2026-09-22 17:34:21,696 INFO poll ok: 996 Dublin Bus trips, 188 new/changed stop delays, 13 new/changed trips
2026-09-22 17:35:26,229 INFO poll ok: 1013 Dublin Bus trips, 451 new/changed stop delays, 23 new/changed trips
2026-09-22 17:36:23,907 INFO poll ok: 1023 Dublin Bus trips, 242 new/changed stop delays, 17 new/changed trips
2026-09-22 17:37:28,239 INFO poll ok: 1037 Dublin Bus trips, 351 new/changed stop delays, 16 new/changed trips
2026-09-22 17:38:30,100 INFO poll ok: 1042 Dublin Bus trips, 224 new/changed stop delays, 11 new/changed trips
2026-09-22 17:39:31,733 INFO poll ok: 1046 Dublin Bus trips, 157 new/changed stop delays, 7 new/changed trips
2026-09-22 17:40:32,477 INFO poll ok: 1072 Dublin Bus trips, 863 new/changed stop delays, 56 new/changed trips
2026-09-22 17:41:36,596 INFO poll ok: 1078 Dublin Bus trips, 199 new/changed stop delays, 13 new/changed trips
2026-09-22 17:42:38,650 INFO poll ok: 1088 Dublin Bus trips, 357 new/changed stop delays, 21 new/changed trips
2026-09-22 17:43:40,034 INFO poll ok: 1090 Dublin Bus trips, 86 new/changed stop delays, 9 new/changed trips
2026-09-22 17:44:44,791 INFO poll ok: 1090 Dublin Bus trips, 135 new/changed stop delays, 11 new/changed trips
2026-09-22 17:45:45,877 INFO poll ok: 1096 Dublin Bus trips, 925 new/changed stop delays, 58 new/changed trips
2026-09-22 17:46:46,434 INFO poll ok: 1100 Dublin Bus trips, 175 new/changed stop delays, 12 new/changed trips
2026-09-22 17:47:48,380 INFO poll ok: 1105 Dublin Bus trips, 197 new/changed stop delays, 11 new/changed trips
2026-09-22 17:48:49,863 INFO poll ok: 1114 Dublin Bus trips, 289 new/changed stop delays, 15 new/changed trips
2026-09-22 17:49:58,482 INFO poll ok: 1119 Dublin Bus trips, 229 new/changed stop delays, 15 new/changed trips
2026-09-22 17:50:55,607 INFO poll ok: 1145 Dublin Bus trips, 808 new/changed stop delays, 45 new/changed trips
2026-09-22 17:51:55,966 INFO poll ok: 1149 Dublin Bus trips, 199 new/changed stop delays, 12 new/changed trips
2026-09-22 17:53:10,240 INFO poll ok: 1158 Dublin Bus trips, 265 new/changed stop delays, 17 new/changed trips
2026-09-22 17:54:01,686 INFO poll ok: 1157 Dublin Bus trips, 165 new/changed stop delays, 17 new/changed trips
2026-09-22 17:55:55,623 INFO poll ok: 1164 Dublin Bus trips, 224 new/changed stop delays, 17 new/changed trips
2026-09-22 17:56:16,549 INFO poll ok: 1176 Dublin Bus trips, 462 new/changed stop delays, 30 new/changed trips
2026-09-22 17:57:34,028 INFO poll ok: 1180 Dublin Bus trips, 180 new/changed stop delays, 16 new/changed trips
2026-09-22 17:58:12,495 INFO poll ok: 1186 Dublin Bus trips, 279 new/changed stop delays, 27 new/changed trips
2026-09-22 17:59:12,343 INFO poll ok: 1189 Dublin Bus trips, 191 new/changed stop delays, 13 new/changed trips
2026-09-22 18:00:28,004 INFO poll ok: 1190 Dublin Bus trips, 178 new/changed stop delays, 13 new/changed trips
2026-09-22 18:01:17,420 INFO poll ok: 1241 Dublin Bus trips, 1565 new/changed stop delays, 87 new/changed trips
2026-09-22 18:02:20,072 INFO poll ok: 1252 Dublin Bus trips, 342 new/changed stop delays, 28 new/changed trips
2026-09-22 18:03:20,682 INFO poll ok: 1257 Dublin Bus trips, 324 new/changed stop delays, 16 new/changed trips
2026-09-22 18:04:24,126 INFO poll ok: 1260 Dublin Bus trips, 223 new/changed stop delays, 14 new/changed trips
2026-09-22 18:05:41,410 INFO poll ok: 1277 Dublin Bus trips, 492 new/changed stop delays, 26 new/changed trips
2026-09-22 18:06:29,422 INFO poll ok: 1286 Dublin Bus trips, 323 new/changed stop delays, 33 new/changed trips
2026-09-22 18:07:56,875 INFO poll ok: 1295 Dublin Bus trips, 244 new/changed stop delays, 21 new/changed trips
2026-09-22 18:08:32,608 INFO poll ok: 1297 Dublin Bus trips, 116 new/changed stop delays, 8 new/changed trips
2026-09-22 18:09:58,730 INFO poll ok: 1303 Dublin Bus trips, 250 new/changed stop delays, 17 new/changed trips
2026-09-22 18:10:31,980 INFO poll ok: 1320 Dublin Bus trips, 700 new/changed stop delays, 36 new/changed trips
2026-09-22 18:11:38,263 INFO poll ok: 1321 Dublin Bus trips, 229 new/changed stop delays, 22 new/changed trips
2026-09-22 18:12:38,979 INFO poll ok: 1330 Dublin Bus trips, 339 new/changed stop delays, 23 new/changed trips
2026-09-22 18:13:42,625 INFO poll ok: 1333 Dublin Bus trips, 180 new/changed stop delays, 19 new/changed trips
2026-09-22 18:14:55,217 INFO poll ok: 1339 Dublin Bus trips, 252 new/changed stop delays, 14 new/changed trips
2026-09-22 18:15:44,501 INFO poll ok: 1299 Dublin Bus trips, 881 new/changed stop delays, 54 new/changed trips
2026-09-22 18:16:47,768 INFO poll ok: 1299 Dublin Bus trips, 182 new/changed stop delays, 16 new/changed trips
2026-09-22 18:17:47,522 INFO poll ok: 1307 Dublin Bus trips, 313 new/changed stop delays, 27 new/changed trips
2026-09-22 18:18:50,461 INFO poll ok: 1318 Dublin Bus trips, 349 new/changed stop delays, 19 new/changed trips
2026-09-22 18:19:55,970 INFO poll ok: 1319 Dublin Bus trips, 212 new/changed stop delays, 14 new/changed trips
2026-09-22 18:20:58,041 INFO poll ok: 1348 Dublin Bus trips, 794 new/changed stop delays, 59 new/changed trips
2026-09-22 18:22:02,679 INFO poll ok: 1356 Dublin Bus trips, 292 new/changed stop delays, 22 new/changed trips
2026-09-22 18:23:24,242 INFO poll ok: 1362 Dublin Bus trips, 280 new/changed stop delays, 19 new/changed trips
2026-09-22 18:24:12,645 INFO poll ok: 1367 Dublin Bus trips, 241 new/changed stop delays, 20 new/changed trips
2026-09-22 18:25:13,580 INFO poll ok: 1370 Dublin Bus trips, 278 new/changed stop delays, 19 new/changed trips
2026-09-22 18:26:22,903 INFO poll ok: 1378 Dublin Bus trips, 271 new/changed stop delays, 43 new/changed trips
2026-09-22 18:27:19,643 INFO poll ok: 1381 Dublin Bus trips, 184 new/changed stop delays, 16 new/changed trips
2026-09-22 18:28:44,726 INFO poll ok: 1385 Dublin Bus trips, 230 new/changed stop delays, 17 new/changed trips
2026-09-22 18:29:14,105 INFO poll ok: 1390 Dublin Bus trips, 208 new/changed stop delays, 19 new/changed trips
2026-09-22 18:30:13,373 INFO poll ok: 1393 Dublin Bus trips, 182 new/changed stop delays, 21 new/changed trips
2026-09-22 18:31:33,656 INFO poll ok: 1444 Dublin Bus trips, 1285 new/changed stop delays, 71 new/changed trips
2026-09-22 18:32:17,617 INFO poll ok: 1450 Dublin Bus trips, 306 new/changed stop delays, 22 new/changed trips
2026-09-22 18:33:17,997 INFO poll ok: 1450 Dublin Bus trips, 180 new/changed stop delays, 10 new/changed trips
2026-09-22 18:34:19,385 INFO poll ok: 1453 Dublin Bus trips, 183 new/changed stop delays, 12 new/changed trips
2026-09-22 18:35:23,830 INFO poll ok: 1463 Dublin Bus trips, 540 new/changed stop delays, 31 new/changed trips
2026-09-22 18:36:24,989 INFO poll ok: 1470 Dublin Bus trips, 362 new/changed stop delays, 34 new/changed trips
2026-09-22 18:37:28,313 INFO poll ok: 1476 Dublin Bus trips, 318 new/changed stop delays, 24 new/changed trips
2026-09-22 18:38:28,428 INFO poll ok: 1479 Dublin Bus trips, 334 new/changed stop delays, 16 new/changed trips
2026-09-22 18:39:29,597 INFO poll ok: 1481 Dublin Bus trips, 290 new/changed stop delays, 18 new/changed trips
2026-09-22 18:40:35,277 INFO poll ok: 1504 Dublin Bus trips, 756 new/changed stop delays, 45 new/changed trips
2026-09-22 18:41:37,694 INFO poll ok: 1509 Dublin Bus trips, 298 new/changed stop delays, 25 new/changed trips
2026-09-22 18:42:39,090 INFO poll ok: 1517 Dublin Bus trips, 391 new/changed stop delays, 27 new/changed trips
2026-09-22 18:43:41,703 INFO poll ok: 1518 Dublin Bus trips, 240 new/changed stop delays, 10 new/changed trips
2026-09-22 18:44:41,054 INFO poll ok: 1526 Dublin Bus trips, 277 new/changed stop delays, 18 new/changed trips
2026-09-22 18:46:05,941 INFO poll ok: 1410 Dublin Bus trips, 871 new/changed stop delays, 42 new/changed trips
2026-09-22 18:46:45,461 INFO poll ok: 1411 Dublin Bus trips, 200 new/changed stop delays, 20 new/changed trips
2026-09-22 18:47:47,880 INFO poll ok: 1415 Dublin Bus trips, 227 new/changed stop delays, 6 new/changed trips
2026-09-22 18:48:48,244 INFO poll ok: 1422 Dublin Bus trips, 345 new/changed stop delays, 24 new/changed trips
2026-09-22 18:49:52,809 INFO poll ok: 1422 Dublin Bus trips, 233 new/changed stop delays, 18 new/changed trips
2026-09-22 18:50:52,763 INFO poll ok: 1442 Dublin Bus trips, 800 new/changed stop delays, 41 new/changed trips
2026-09-22 18:52:09,216 INFO poll ok: 1442 Dublin Bus trips, 264 new/changed stop delays, 19 new/changed trips
2026-09-22 18:53:04,060 INFO poll ok: 1451 Dublin Bus trips, 447 new/changed stop delays, 23 new/changed trips
2026-09-22 18:53:59,245 INFO poll ok: 1454 Dublin Bus trips, 305 new/changed stop delays, 10 new/changed trips
2026-09-22 18:55:01,903 INFO poll ok: 1460 Dublin Bus trips, 300 new/changed stop delays, 23 new/changed trips
2026-09-22 18:56:00,926 INFO poll ok: 1469 Dublin Bus trips, 536 new/changed stop delays, 39 new/changed trips
2026-09-22 18:57:02,042 INFO poll ok: 1474 Dublin Bus trips, 346 new/changed stop delays, 25 new/changed trips
2026-09-22 18:58:06,392 INFO poll ok: 1478 Dublin Bus trips, 424 new/changed stop delays, 14 new/changed trips
2026-09-22 18:59:08,403 INFO poll ok: 1482 Dublin Bus trips, 287 new/changed stop delays, 17 new/changed trips
2026-09-22 19:00:09,494 INFO poll ok: 1484 Dublin Bus trips, 289 new/changed stop delays, 15 new/changed trips
2026-09-22 19:01:13,021 INFO poll ok: 1542 Dublin Bus trips, 1328 new/changed stop delays, 85 new/changed trips
2026-09-22 19:02:14,246 INFO poll ok: 1544 Dublin Bus trips, 230 new/changed stop delays, 10 new/changed trips
2026-09-22 19:03:16,322 INFO poll ok: 1546 Dublin Bus trips, 264 new/changed stop delays, 23 new/changed trips
2026-09-22 19:04:17,853 INFO poll ok: 1545 Dublin Bus trips, 286 new/changed stop delays, 14 new/changed trips
2026-09-22 19:05:24,230 INFO poll ok: 1557 Dublin Bus trips, 496 new/changed stop delays, 26 new/changed trips
2026-09-22 19:06:19,910 INFO poll ok: 1563 Dublin Bus trips, 289 new/changed stop delays, 29 new/changed trips
2026-09-22 19:07:24,041 INFO poll ok: 1569 Dublin Bus trips, 389 new/changed stop delays, 24 new/changed trips
2026-09-22 19:08:25,720 INFO poll ok: 1575 Dublin Bus trips, 294 new/changed stop delays, 14 new/changed trips
2026-09-22 19:09:59,532 INFO poll ok: 1574 Dublin Bus trips, 220 new/changed stop delays, 4 new/changed trips
2026-09-22 19:10:33,041 INFO poll ok: 1594 Dublin Bus trips, 741 new/changed stop delays, 40 new/changed trips
2026-09-22 19:11:33,782 INFO poll ok: 1598 Dublin Bus trips, 299 new/changed stop delays, 19 new/changed trips
2026-09-22 19:12:34,895 INFO poll ok: 1602 Dublin Bus trips, 326 new/changed stop delays, 12 new/changed trips
2026-09-22 19:13:35,434 INFO poll ok: 1600 Dublin Bus trips, 205 new/changed stop delays, 3 new/changed trips
2026-09-22 19:14:37,338 INFO poll ok: 1603 Dublin Bus trips, 284 new/changed stop delays, 13 new/changed trips
2026-09-22 19:15:38,533 INFO poll ok: 1443 Dublin Bus trips, 907 new/changed stop delays, 52 new/changed trips
2026-09-22 19:16:40,927 INFO poll ok: 1443 Dublin Bus trips, 216 new/changed stop delays, 20 new/changed trips
2026-09-22 19:17:45,888 INFO poll ok: 1445 Dublin Bus trips, 242 new/changed stop delays, 19 new/changed trips
2026-09-22 19:18:44,783 INFO poll ok: 1450 Dublin Bus trips, 280 new/changed stop delays, 17 new/changed trips
2026-09-22 19:19:46,222 INFO poll ok: 1451 Dublin Bus trips, 250 new/changed stop delays, 6 new/changed trips
2026-09-22 19:20:48,050 INFO poll ok: 1478 Dublin Bus trips, 809 new/changed stop delays, 29 new/changed trips
2026-09-22 19:21:50,173 INFO poll ok: 1478 Dublin Bus trips, 237 new/changed stop delays, 18 new/changed trips
2026-09-22 19:22:52,040 INFO poll ok: 1484 Dublin Bus trips, 364 new/changed stop delays, 26 new/changed trips
2026-09-22 19:23:57,691 INFO poll ok: 1487 Dublin Bus trips, 313 new/changed stop delays, 21 new/changed trips
2026-09-22 19:25:00,461 INFO poll ok: 1492 Dublin Bus trips, 350 new/changed stop delays, 18 new/changed trips
2026-09-22 19:26:07,440 INFO poll ok: 1501 Dublin Bus trips, 468 new/changed stop delays, 33 new/changed trips
2026-09-22 19:27:03,679 INFO poll ok: 1503 Dublin Bus trips, 340 new/changed stop delays, 15 new/changed trips
2026-09-22 19:28:02,943 INFO poll ok: 1502 Dublin Bus trips, 272 new/changed stop delays, 17 new/changed trips
2026-09-22 19:29:07,285 INFO poll ok: 1499 Dublin Bus trips, 308 new/changed stop delays, 11 new/changed trips
2026-09-22 19:30:04,985 INFO poll ok: 1500 Dublin Bus trips, 222 new/changed stop delays, 8 new/changed trips
2026-09-22 19:31:10,819 INFO poll ok: 1548 Dublin Bus trips, 1371 new/changed stop delays, 74 new/changed trips
2026-09-22 19:32:14,306 INFO poll ok: 1554 Dublin Bus trips, 306 new/changed stop delays, 19 new/changed trips
2026-09-22 19:33:14,013 INFO poll ok: 1556 Dublin Bus trips, 237 new/changed stop delays, 10 new/changed trips
2026-09-22 19:34:16,120 INFO poll ok: 1559 Dublin Bus trips, 360 new/changed stop delays, 24 new/changed trips
2026-09-22 19:35:18,149 INFO poll ok: 1568 Dublin Bus trips, 462 new/changed stop delays, 33 new/changed trips
2026-09-22 19:36:24,378 INFO poll ok: 1571 Dublin Bus trips, 259 new/changed stop delays, 15 new/changed trips
2026-09-22 19:37:25,813 INFO poll ok: 1572 Dublin Bus trips, 325 new/changed stop delays, 15 new/changed trips
2026-09-22 19:38:25,819 INFO poll ok: 1575 Dublin Bus trips, 277 new/changed stop delays, 14 new/changed trips
2026-09-22 19:39:38,490 INFO poll ok: 1579 Dublin Bus trips, 323 new/changed stop delays, 18 new/changed trips
2026-09-22 19:40:27,715 INFO poll ok: 1598 Dublin Bus trips, 791 new/changed stop delays, 41 new/changed trips
2026-09-22 19:41:30,172 INFO poll ok: 1600 Dublin Bus trips, 308 new/changed stop delays, 21 new/changed trips
2026-09-22 19:42:32,604 INFO poll ok: 1610 Dublin Bus trips, 540 new/changed stop delays, 24 new/changed trips
2026-09-22 19:43:33,268 INFO poll ok: 1608 Dublin Bus trips, 312 new/changed stop delays, 12 new/changed trips
2026-09-22 19:44:36,780 INFO poll ok: 1612 Dublin Bus trips, 407 new/changed stop delays, 12 new/changed trips
2026-09-22 19:45:39,799 INFO poll ok: 1473 Dublin Bus trips, 1012 new/changed stop delays, 51 new/changed trips
2026-09-22 19:46:45,346 INFO poll ok: 1475 Dublin Bus trips, 272 new/changed stop delays, 20 new/changed trips
2026-09-22 19:47:41,263 INFO poll ok: 1477 Dublin Bus trips, 277 new/changed stop delays, 13 new/changed trips
2026-09-22 19:48:43,287 INFO poll ok: 1481 Dublin Bus trips, 383 new/changed stop delays, 16 new/changed trips
2026-09-22 19:49:49,158 INFO poll ok: 1481 Dublin Bus trips, 334 new/changed stop delays, 11 new/changed trips
2026-09-22 19:50:48,362 INFO poll ok: 1496 Dublin Bus trips, 631 new/changed stop delays, 38 new/changed trips
2026-09-22 19:51:50,226 INFO poll ok: 1497 Dublin Bus trips, 343 new/changed stop delays, 19 new/changed trips
2026-09-22 19:52:51,960 INFO poll ok: 1503 Dublin Bus trips, 387 new/changed stop delays, 10 new/changed trips
2026-09-22 19:54:00,057 INFO poll ok: 1507 Dublin Bus trips, 312 new/changed stop delays, 11 new/changed trips
2026-09-22 19:54:56,577 INFO poll ok: 1519 Dublin Bus trips, 479 new/changed stop delays, 19 new/changed trips
2026-09-22 19:55:56,739 INFO poll ok: 1525 Dublin Bus trips, 389 new/changed stop delays, 24 new/changed trips
2026-09-22 19:56:59,470 INFO poll ok: 1528 Dublin Bus trips, 313 new/changed stop delays, 32 new/changed trips
2026-09-22 19:58:01,822 INFO poll ok: 1528 Dublin Bus trips, 237 new/changed stop delays, 14 new/changed trips
2026-09-22 19:59:02,397 INFO poll ok: 1529 Dublin Bus trips, 241 new/changed stop delays, 17 new/changed trips
2026-09-22 20:00:06,837 INFO poll ok: 1531 Dublin Bus trips, 200 new/changed stop delays, 7 new/changed trips
2026-09-22 20:01:08,790 INFO poll ok: 1590 Dublin Bus trips, 1359 new/changed stop delays, 74 new/changed trips
2026-09-22 20:02:10,146 INFO poll ok: 1589 Dublin Bus trips, 264 new/changed stop delays, 22 new/changed trips
2026-09-22 20:03:13,789 INFO poll ok: 1587 Dublin Bus trips, 350 new/changed stop delays, 15 new/changed trips
2026-09-22 20:04:17,821 INFO poll ok: 1589 Dublin Bus trips, 276 new/changed stop delays, 7 new/changed trips
2026-09-22 20:05:18,648 INFO poll ok: 1595 Dublin Bus trips, 305 new/changed stop delays, 12 new/changed trips
2026-09-22 20:06:16,333 INFO poll ok: 1598 Dublin Bus trips, 210 new/changed stop delays, 26 new/changed trips
2026-09-22 20:07:22,156 INFO poll ok: 1608 Dublin Bus trips, 542 new/changed stop delays, 50 new/changed trips
2026-09-22 20:08:25,157 INFO poll ok: 1611 Dublin Bus trips, 274 new/changed stop delays, 16 new/changed trips
2026-09-22 20:09:26,414 INFO poll ok: 1613 Dublin Bus trips, 259 new/changed stop delays, 18 new/changed trips
2026-09-22 20:10:30,008 INFO poll ok: 1628 Dublin Bus trips, 608 new/changed stop delays, 39 new/changed trips
2026-09-22 20:11:27,411 INFO poll ok: 1629 Dublin Bus trips, 187 new/changed stop delays, 16 new/changed trips
2026-09-22 20:12:29,729 INFO poll ok: 1632 Dublin Bus trips, 353 new/changed stop delays, 9 new/changed trips
2026-09-22 20:13:33,682 INFO poll ok: 1632 Dublin Bus trips, 254 new/changed stop delays, 8 new/changed trips
2026-09-22 20:14:34,164 INFO poll ok: 1632 Dublin Bus trips, 277 new/changed stop delays, 11 new/changed trips
2026-09-22 20:15:35,656 INFO poll ok: 1451 Dublin Bus trips, 909 new/changed stop delays, 47 new/changed trips
2026-09-22 20:16:37,178 INFO poll ok: 1453 Dublin Bus trips, 264 new/changed stop delays, 24 new/changed trips
2026-09-22 20:17:38,234 INFO poll ok: 1454 Dublin Bus trips, 202 new/changed stop delays, 7 new/changed trips
2026-09-22 20:18:40,460 INFO poll ok: 1465 Dublin Bus trips, 417 new/changed stop delays, 23 new/changed trips
2026-09-22 20:19:43,294 INFO poll ok: 1463 Dublin Bus trips, 196 new/changed stop delays, 14 new/changed trips
2026-09-22 20:20:43,303 INFO poll ok: 1489 Dublin Bus trips, 745 new/changed stop delays, 46 new/changed trips
2026-09-22 20:21:47,035 INFO poll ok: 1487 Dublin Bus trips, 270 new/changed stop delays, 42 new/changed trips
2026-09-22 20:22:48,626 INFO poll ok: 1495 Dublin Bus trips, 369 new/changed stop delays, 24 new/changed trips
2026-09-22 20:23:52,557 INFO poll ok: 1495 Dublin Bus trips, 314 new/changed stop delays, 15 new/changed trips
2026-09-22 20:24:55,284 INFO poll ok: 1499 Dublin Bus trips, 271 new/changed stop delays, 16 new/changed trips
2026-09-22 20:25:54,362 INFO poll ok: 1507 Dublin Bus trips, 332 new/changed stop delays, 37 new/changed trips
2026-09-22 20:26:56,677 INFO poll ok: 1507 Dublin Bus trips, 274 new/changed stop delays, 29 new/changed trips
2026-09-22 20:27:59,468 INFO poll ok: 1503 Dublin Bus trips, 297 new/changed stop delays, 16 new/changed trips
2026-09-22 20:29:00,864 INFO poll ok: 1503 Dublin Bus trips, 233 new/changed stop delays, 6 new/changed trips
2026-09-22 20:30:03,686 INFO poll ok: 1504 Dublin Bus trips, 238 new/changed stop delays, 16 new/changed trips
2026-09-22 20:31:06,284 INFO poll ok: 1562 Dublin Bus trips, 1418 new/changed stop delays, 75 new/changed trips
2026-09-22 20:32:07,384 INFO poll ok: 1565 Dublin Bus trips, 316 new/changed stop delays, 32 new/changed trips
2026-09-22 20:33:10,315 INFO poll ok: 1567 Dublin Bus trips, 259 new/changed stop delays, 19 new/changed trips
2026-09-22 20:34:15,493 INFO poll ok: 1567 Dublin Bus trips, 265 new/changed stop delays, 20 new/changed trips
2026-09-22 20:35:23,201 INFO poll ok: 1569 Dublin Bus trips, 348 new/changed stop delays, 9 new/changed trips
2026-09-22 20:36:34,947 INFO poll ok: 1570 Dublin Bus trips, 258 new/changed stop delays, 22 new/changed trips
2026-09-22 20:37:43,513 INFO poll ok: 1572 Dublin Bus trips, 262 new/changed stop delays, 34 new/changed trips
2026-09-22 20:38:20,216 INFO poll ok: 1575 Dublin Bus trips, 232 new/changed stop delays, 16 new/changed trips
2026-09-22 20:39:21,042 INFO poll ok: 1579 Dublin Bus trips, 237 new/changed stop delays, 7 new/changed trips
2026-09-22 20:40:23,789 INFO poll ok: 1607 Dublin Bus trips, 733 new/changed stop delays, 45 new/changed trips
2026-09-22 20:41:25,116 INFO poll ok: 1605 Dublin Bus trips, 229 new/changed stop delays, 46 new/changed trips
2026-09-22 20:42:46,946 INFO poll ok: 1614 Dublin Bus trips, 402 new/changed stop delays, 34 new/changed trips
2026-09-22 20:43:31,022 INFO poll ok: 1616 Dublin Bus trips, 228 new/changed stop delays, 14 new/changed trips
2026-09-22 20:44:36,752 INFO poll ok: 1618 Dublin Bus trips, 248 new/changed stop delays, 13 new/changed trips
2026-09-22 20:45:33,787 INFO poll ok: 1392 Dublin Bus trips, 764 new/changed stop delays, 39 new/changed trips
2026-09-22 20:46:35,432 INFO poll ok: 1395 Dublin Bus trips, 235 new/changed stop delays, 31 new/changed trips
2026-09-22 20:47:37,062 INFO poll ok: 1391 Dublin Bus trips, 229 new/changed stop delays, 19 new/changed trips
2026-09-22 20:48:43,573 INFO poll ok: 1396 Dublin Bus trips, 261 new/changed stop delays, 12 new/changed trips
2026-09-22 20:49:44,258 INFO poll ok: 1398 Dublin Bus trips, 195 new/changed stop delays, 10 new/changed trips
2026-09-22 20:50:43,666 INFO poll ok: 1416 Dublin Bus trips, 551 new/changed stop delays, 33 new/changed trips
2026-09-22 20:51:46,476 INFO poll ok: 1418 Dublin Bus trips, 232 new/changed stop delays, 34 new/changed trips
2026-09-22 20:52:46,875 INFO poll ok: 1418 Dublin Bus trips, 272 new/changed stop delays, 13 new/changed trips
2026-09-22 20:53:48,673 INFO poll ok: 1417 Dublin Bus trips, 189 new/changed stop delays, 10 new/changed trips
2026-09-22 20:54:55,625 INFO poll ok: 1427 Dublin Bus trips, 433 new/changed stop delays, 28 new/changed trips
2026-09-22 20:55:58,637 INFO poll ok: 1432 Dublin Bus trips, 315 new/changed stop delays, 47 new/changed trips
2026-09-22 20:56:54,639 INFO poll ok: 1438 Dublin Bus trips, 262 new/changed stop delays, 27 new/changed trips
2026-09-22 20:58:02,074 INFO poll ok: 1435 Dublin Bus trips, 208 new/changed stop delays, 15 new/changed trips
2026-09-22 20:58:58,620 INFO poll ok: 1433 Dublin Bus trips, 92 new/changed stop delays, 6 new/changed trips
2026-09-22 21:00:01,837 INFO poll ok: 1430 Dublin Bus trips, 225 new/changed stop delays, 19 new/changed trips
2026-09-22 21:01:08,066 INFO poll ok: 1494 Dublin Bus trips, 1429 new/changed stop delays, 76 new/changed trips
2026-09-22 21:02:10,148 INFO poll ok: 1494 Dublin Bus trips, 284 new/changed stop delays, 25 new/changed trips
2026-09-22 21:03:17,989 INFO poll ok: 1493 Dublin Bus trips, 195 new/changed stop delays, 18 new/changed trips
2026-09-22 21:04:13,480 INFO poll ok: 1497 Dublin Bus trips, 192 new/changed stop delays, 13 new/changed trips
2026-09-22 21:05:15,181 INFO poll ok: 1498 Dublin Bus trips, 68 new/changed stop delays, 5 new/changed trips
2026-09-22 21:06:29,315 INFO poll ok: 1499 Dublin Bus trips, 1 new/changed stop delays, 1 new/changed trips
2026-09-22 21:07:16,822 INFO poll ok: 1500 Dublin Bus trips, 3 new/changed stop delays, 20 new/changed trips
2026-09-22 21:08:17,482 INFO poll ok: 1499 Dublin Bus trips, 0 new/changed stop delays, 0 new/changed trips
2026-09-22 21:09:25,703 INFO poll ok: 1498 Dublin Bus trips, 0 new/changed stop delays, 0 new/changed trips
2026-09-22 21:10:45,331 INFO poll ok: 1501 Dublin Bus trips, 86 new/changed stop delays, 3 new/changed trips
2026-09-22 21:11:29,379 INFO poll ok: 1499 Dublin Bus trips, 0 new/changed stop delays, 24 new/changed trips
2026-09-22 21:12:25,263 INFO poll ok: 1499 Dublin Bus trips, 0 new/changed stop delays, 0 new/changed trips
2026-09-22 21:13:28,167 INFO poll ok: 1499 Dublin Bus trips, 0 new/changed stop delays, 0 new/changed trips
2026-09-22 21:14:50,169 INFO poll ok: 1499 Dublin Bus trips, 0 new/changed stop delays, 0 new/changed trips
2026-09-22 21:15:34,641 INFO poll ok: 1217 Dublin Bus trips, 292 new/changed stop delays, 2 new/changed trips
2026-09-22 21:16:35,268 INFO poll ok: 1216 Dublin Bus trips, 0 new/changed stop delays, 31 new/changed trips
2026-09-22 21:17:35,629 INFO poll ok: 1216 Dublin Bus trips, 0 new/changed stop delays, 0 new/changed trips
2026-09-22 21:18:35,731 INFO poll ok: 1217 Dublin Bus trips, 1 new/changed stop delays, 1 new/changed trips
2026-09-22 21:19:58,698 INFO poll ok: 1217 Dublin Bus trips, 0 new/changed stop delays, 0 new/changed trips
2026-09-22 21:20:43,829 INFO poll ok: 1220 Dublin Bus trips, 5 new/changed stop delays, 3 new/changed trips
2026-09-22 21:21:42,418 INFO poll ok: 1219 Dublin Bus trips, 0 new/changed stop delays, 603 new/changed trips
2026-09-22 21:22:43,958 INFO poll ok: 1219 Dublin Bus trips, 0 new/changed stop delays, 0 new/changed trips
2026-09-22 21:23:46,015 INFO poll ok: 1219 Dublin Bus trips, 0 new/changed stop delays, 0 new/changed trips
2026-09-22 21:24:52,857 INFO poll ok: 1218 Dublin Bus trips, 0 new/changed stop delays, 0 new/changed trips
2026-09-22 21:25:52,100 INFO poll ok: 1219 Dublin Bus trips, 1 new/changed stop delays, 1 new/changed trips
2026-09-22 21:27:21,718 INFO poll ok: 1218 Dublin Bus trips, 0 new/changed stop delays, 0 new/changed trips
2026-09-22 21:27:57,238 INFO poll ok: 1218 Dublin Bus trips, 0 new/changed stop delays, 0 new/changed trips
2026-09-22 21:28:58,310 INFO poll ok: 1218 Dublin Bus trips, 0 new/changed stop delays, 0 new/changed trips
2026-09-22 21:29:58,633 INFO poll ok: 1218 Dublin Bus trips, 0 new/changed stop delays, 0 new/changed trips
2026-09-22 21:31:01,078 INFO poll ok: 1219 Dublin Bus trips, 1 new/changed stop delays, 2 new/changed trips
2026-09-22 21:32:02,325 INFO poll ok: 1219 Dublin Bus trips, 0 new/changed stop delays, 0 new/changed trips
2026-09-22 21:33:05,960 INFO poll ok: 1217 Dublin Bus trips, 0 new/changed stop delays, 0 new/changed trips
2026-09-22 21:34:08,441 INFO poll ok: 1217 Dublin Bus trips, 0 new/changed stop delays, 0 new/changed trips
2026-09-22 21:35:08,263 INFO poll ok: 1217 Dublin Bus trips, 0 new/changed stop delays, 0 new/changed trips
2026-09-22 21:36:12,675 INFO poll ok: 1217 Dublin Bus trips, 1 new/changed stop delays, 1 new/changed trips
2026-09-22 21:37:12,895 INFO poll ok: 1217 Dublin Bus trips, 0 new/changed stop delays, 0 new/changed trips
2026-09-22 21:38:16,284 INFO poll ok: 1217 Dublin Bus trips, 0 new/changed stop delays, 0 new/changed trips
2026-09-22 21:39:17,972 INFO poll ok: 1217 Dublin Bus trips, 0 new/changed stop delays, 0 new/changed trips
2026-09-22 21:40:18,510 INFO poll ok: 1219 Dublin Bus trips, 39 new/changed stop delays, 2 new/changed trips
2026-09-22 21:41:38,048 INFO poll ok: 1220 Dublin Bus trips, 2 new/changed stop delays, 1 new/changed trips
2026-09-22 21:42:22,885 INFO poll ok: 1221 Dublin Bus trips, 17 new/changed stop delays, 2 new/changed trips
2026-09-22 21:44:04,707 INFO poll ok: 1221 Dublin Bus trips, 0 new/changed stop delays, 0 new/changed trips
2026-09-22 21:44:30,305 INFO poll ok: 1220 Dublin Bus trips, 0 new/changed stop delays, 0 new/changed trips
2026-09-22 21:45:28,752 INFO poll ok: 938 Dublin Bus trips, 493 new/changed stop delays, 1 new/changed trips
2026-09-22 21:46:31,367 INFO poll ok: 938 Dublin Bus trips, 0 new/changed stop delays, 0 new/changed trips
2026-09-22 21:47:34,820 INFO poll ok: 938 Dublin Bus trips, 0 new/changed stop delays, 0 new/changed trips
2026-09-22 21:48:34,661 INFO poll ok: 938 Dublin Bus trips, 0 new/changed stop delays, 0 new/changed trips
2026-09-22 21:49:36,017 INFO poll ok: 937 Dublin Bus trips, 0 new/changed stop delays, 0 new/changed trips
2026-09-22 21:50:37,423 INFO poll ok: 937 Dublin Bus trips, 0 new/changed stop delays, 0 new/changed trips
2026-09-22 21:51:41,329 INFO poll ok: 937 Dublin Bus trips, 0 new/changed stop delays, 0 new/changed trips
2026-09-22 21:52:43,254 INFO poll ok: 936 Dublin Bus trips, 0 new/changed stop delays, 0 new/changed trips
2026-09-22 21:53:44,475 INFO poll ok: 936 Dublin Bus trips, 0 new/changed stop delays, 0 new/changed trips
2026-09-22 21:54:46,231 INFO poll ok: 937 Dublin Bus trips, 1 new/changed stop delays, 1 new/changed trips
2026-09-22 21:55:50,265 INFO poll ok: 938 Dublin Bus trips, 1 new/changed stop delays, 1 new/changed trips
2026-09-22 21:57:05,573 INFO poll ok: 938 Dublin Bus trips, 0 new/changed stop delays, 0 new/changed trips
2026-09-22 21:57:53,484 INFO poll ok: 938 Dublin Bus trips, 0 new/changed stop delays, 0 new/changed trips
2026-09-22 21:58:54,408 INFO poll ok: 938 Dublin Bus trips, 0 new/changed stop delays, 0 new/changed trips
2026-09-22 21:59:55,911 INFO poll ok: 938 Dublin Bus trips, 0 new/changed stop delays, 0 new/changed trips
2026-09-22 22:00:59,614 INFO poll ok: 939 Dublin Bus trips, 2 new/changed stop delays, 1 new/changed trips
2026-09-22 22:02:02,624 INFO poll ok: 939 Dublin Bus trips, 0 new/changed stop delays, 0 new/changed trips
2026-09-22 22:03:18,945 INFO poll ok: 939 Dublin Bus trips, 0 new/changed stop delays, 0 new/changed trips
2026-09-22 22:04:05,547 INFO poll ok: 939 Dublin Bus trips, 0 new/changed stop delays, 0 new/changed trips
2026-09-22 22:05:08,830 INFO poll ok: 939 Dublin Bus trips, 0 new/changed stop delays, 0 new/changed trips
2026-09-22 22:06:15,737 INFO poll ok: 941 Dublin Bus trips, 2 new/changed stop delays, 2 new/changed trips
2026-09-22 22:07:09,694 INFO poll ok: 941 Dublin Bus trips, 0 new/changed stop delays, 0 new/changed trips
2026-09-22 22:08:15,182 INFO poll ok: 941 Dublin Bus trips, 0 new/changed stop delays, 0 new/changed trips
2026-09-22 22:09:24,235 INFO poll ok: 940 Dublin Bus trips, 0 new/changed stop delays, 0 new/changed trips
2026-09-22 22:10:19,678 INFO poll ok: 942 Dublin Bus trips, 3 new/changed stop delays, 2 new/changed trips
2026-09-22 22:11:19,132 INFO poll ok: 942 Dublin Bus trips, 0 new/changed stop delays, 0 new/changed trips
2026-09-22 22:12:33,851 INFO poll ok: 942 Dublin Bus trips, 0 new/changed stop delays, 0 new/changed trips
2026-09-22 22:13:23,810 INFO poll ok: 942 Dublin Bus trips, 0 new/changed stop delays, 0 new/changed trips
2026-09-22 22:14:27,800 INFO poll ok: 941 Dublin Bus trips, 0 new/changed stop delays, 0 new/changed trips
2026-09-22 22:15:25,784 INFO poll ok: 712 Dublin Bus trips, 436 new/changed stop delays, 2 new/changed trips
2026-09-22 22:16:28,756 INFO poll ok: 725 Dublin Bus trips, 296 new/changed stop delays, 169 new/changed trips
2026-09-22 22:17:31,064 INFO poll ok: 842 Dublin Bus trips, 5347 new/changed stop delays, 215 new/changed trips
2026-09-22 22:18:33,957 INFO poll ok: 1005 Dublin Bus trips, 6405 new/changed stop delays, 268 new/changed trips
2026-09-22 22:19:36,212 INFO poll ok: 1031 Dublin Bus trips, 301 new/changed stop delays, 36 new/changed trips
2026-09-22 22:20:39,538 INFO poll ok: 1077 Dublin Bus trips, 842 new/changed stop delays, 53 new/changed trips
2026-09-22 22:21:42,093 INFO poll ok: 1094 Dublin Bus trips, 347 new/changed stop delays, 27 new/changed trips
2026-09-22 22:22:44,326 INFO poll ok: 1120 Dublin Bus trips, 451 new/changed stop delays, 32 new/changed trips
2026-09-22 22:23:46,082 INFO poll ok: 1139 Dublin Bus trips, 384 new/changed stop delays, 24 new/changed trips
2026-09-22 22:24:58,267 INFO poll ok: 1151 Dublin Bus trips, 197 new/changed stop delays, 19 new/changed trips
2026-09-22 22:25:47,902 INFO poll ok: 1164 Dublin Bus trips, 411 new/changed stop delays, 37 new/changed trips
2026-09-22 22:26:55,339 INFO poll ok: 1169 Dublin Bus trips, 189 new/changed stop delays, 16 new/changed trips
2026-09-22 22:28:19,222 INFO poll ok: 1175 Dublin Bus trips, 240 new/changed stop delays, 18 new/changed trips
2026-09-22 22:29:00,894 INFO poll ok: 1180 Dublin Bus trips, 215 new/changed stop delays, 12 new/changed trips
2026-09-22 22:29:58,160 INFO poll ok: 1188 Dublin Bus trips, 309 new/changed stop delays, 16 new/changed trips
2026-09-22 22:31:18,134 INFO poll ok: 1235 Dublin Bus trips, 1293 new/changed stop delays, 68 new/changed trips
2026-09-22 22:32:00,922 INFO poll ok: 1236 Dublin Bus trips, 144 new/changed stop delays, 12 new/changed trips
2026-09-22 22:33:04,051 INFO poll ok: 1243 Dublin Bus trips, 272 new/changed stop delays, 25 new/changed trips
2026-09-22 22:34:03,871 INFO poll ok: 1242 Dublin Bus trips, 183 new/changed stop delays, 4 new/changed trips
2026-09-22 22:35:06,832 INFO poll ok: 1242 Dublin Bus trips, 160 new/changed stop delays, 13 new/changed trips
2026-09-22 22:36:09,960 INFO poll ok: 1249 Dublin Bus trips, 248 new/changed stop delays, 20 new/changed trips
2026-09-22 22:37:13,650 INFO poll ok: 1257 Dublin Bus trips, 201 new/changed stop delays, 17 new/changed trips
2026-09-22 22:38:14,016 INFO poll ok: 1261 Dublin Bus trips, 220 new/changed stop delays, 20 new/changed trips
2026-09-22 22:39:16,600 INFO poll ok: 1264 Dublin Bus trips, 192 new/changed stop delays, 9 new/changed trips
2026-09-22 22:40:16,594 INFO poll ok: 1264 Dublin Bus trips, 149 new/changed stop delays, 10 new/changed trips
2026-09-22 22:41:34,885 INFO poll ok: 1302 Dublin Bus trips, 822 new/changed stop delays, 55 new/changed trips
2026-09-22 22:42:27,167 INFO poll ok: 1311 Dublin Bus trips, 365 new/changed stop delays, 23 new/changed trips
2026-09-22 22:43:28,998 INFO poll ok: 1310 Dublin Bus trips, 195 new/changed stop delays, 16 new/changed trips
2026-09-22 22:44:31,724 INFO poll ok: 1317 Dublin Bus trips, 221 new/changed stop delays, 13 new/changed trips
2026-09-22 22:45:28,316 INFO poll ok: 1115 Dublin Bus trips, 546 new/changed stop delays, 41 new/changed trips
2026-09-22 22:46:50,884 INFO poll ok: 1115 Dublin Bus trips, 250 new/changed stop delays, 13 new/changed trips
2026-09-22 22:47:32,047 INFO poll ok: 1121 Dublin Bus trips, 202 new/changed stop delays, 12 new/changed trips
2026-09-22 22:48:34,872 INFO poll ok: 1124 Dublin Bus trips, 181 new/changed stop delays, 16 new/changed trips
2026-09-22 22:49:36,015 INFO poll ok: 1125 Dublin Bus trips, 157 new/changed stop delays, 8 new/changed trips
2026-09-22 22:50:37,185 INFO poll ok: 1146 Dublin Bus trips, 609 new/changed stop delays, 36 new/changed trips
2026-09-22 22:51:41,563 INFO poll ok: 1147 Dublin Bus trips, 138 new/changed stop delays, 5 new/changed trips
2026-09-22 22:52:42,067 INFO poll ok: 1151 Dublin Bus trips, 210 new/changed stop delays, 15 new/changed trips
2026-09-22 22:53:46,747 INFO poll ok: 1152 Dublin Bus trips, 232 new/changed stop delays, 17 new/changed trips
2026-09-22 22:55:11,410 INFO poll ok: 1157 Dublin Bus trips, 299 new/changed stop delays, 18 new/changed trips
2026-09-22 22:55:50,503 INFO poll ok: 1162 Dublin Bus trips, 337 new/changed stop delays, 48 new/changed trips
2026-09-22 22:56:50,342 INFO poll ok: 1166 Dublin Bus trips, 163 new/changed stop delays, 13 new/changed trips
2026-09-22 22:57:50,728 INFO poll ok: 1165 Dublin Bus trips, 171 new/changed stop delays, 12 new/changed trips
2026-09-22 22:58:54,449 INFO poll ok: 1165 Dublin Bus trips, 192 new/changed stop delays, 7 new/changed trips
2026-09-22 22:59:55,918 INFO poll ok: 1170 Dublin Bus trips, 208 new/changed stop delays, 18 new/changed trips
2026-09-22 23:00:56,207 INFO poll ok: 1232 Dublin Bus trips, 1217 new/changed stop delays, 75 new/changed trips
2026-09-22 23:02:08,265 INFO poll ok: 1234 Dublin Bus trips, 195 new/changed stop delays, 16 new/changed trips
2026-09-22 23:03:07,567 INFO poll ok: 1236 Dublin Bus trips, 239 new/changed stop delays, 10 new/changed trips
2026-09-22 23:04:16,574 INFO poll ok: 1238 Dublin Bus trips, 176 new/changed stop delays, 21 new/changed trips
2026-09-22 23:05:11,366 INFO poll ok: 1238 Dublin Bus trips, 189 new/changed stop delays, 7 new/changed trips
2026-09-22 23:06:10,668 INFO poll ok: 1242 Dublin Bus trips, 152 new/changed stop delays, 17 new/changed trips
2026-09-22 23:07:18,148 INFO poll ok: 1254 Dublin Bus trips, 408 new/changed stop delays, 32 new/changed trips
2026-09-22 23:08:18,653 INFO poll ok: 1258 Dublin Bus trips, 164 new/changed stop delays, 20 new/changed trips
2026-09-22 23:09:12,812 INFO poll ok: 1259 Dublin Bus trips, 158 new/changed stop delays, 9 new/changed trips
2026-09-22 23:10:39,624 INFO poll ok: 1258 Dublin Bus trips, 130 new/changed stop delays, 19 new/changed trips
2026-09-22 23:11:24,063 INFO poll ok: 1279 Dublin Bus trips, 661 new/changed stop delays, 33 new/changed trips
2026-09-22 23:12:34,067 INFO poll ok: 1281 Dublin Bus trips, 260 new/changed stop delays, 9 new/changed trips
2026-09-22 23:13:39,724 INFO poll ok: 1281 Dublin Bus trips, 152 new/changed stop delays, 11 new/changed trips
2026-09-22 23:14:23,824 INFO poll ok: 1286 Dublin Bus trips, 243 new/changed stop delays, 9 new/changed trips
2026-09-22 23:15:26,769 INFO poll ok: 1304 Dublin Bus trips, 462 new/changed stop delays, 27 new/changed trips
2026-09-22 23:16:30,198 INFO poll ok: 1147 Dublin Bus trips, 359 new/changed stop delays, 15 new/changed trips
2026-09-22 23:17:29,094 INFO poll ok: 1149 Dublin Bus trips, 145 new/changed stop delays, 19 new/changed trips
2026-09-22 23:18:31,848 INFO poll ok: 1160 Dublin Bus trips, 330 new/changed stop delays, 21 new/changed trips
2026-09-22 23:19:34,110 INFO poll ok: 1158 Dublin Bus trips, 125 new/changed stop delays, 10 new/changed trips
2026-09-22 23:20:34,575 INFO poll ok: 1187 Dublin Bus trips, 797 new/changed stop delays, 44 new/changed trips
2026-09-22 23:21:37,033 INFO poll ok: 1186 Dublin Bus trips, 139 new/changed stop delays, 12 new/changed trips
2026-09-22 23:22:42,939 INFO poll ok: 1194 Dublin Bus trips, 263 new/changed stop delays, 29 new/changed trips
2026-09-22 23:23:41,268 INFO poll ok: 1197 Dublin Bus trips, 188 new/changed stop delays, 15 new/changed trips
2026-09-22 23:24:41,592 INFO poll ok: 1199 Dublin Bus trips, 158 new/changed stop delays, 18 new/changed trips
2026-09-22 23:25:44,162 INFO poll ok: 1208 Dublin Bus trips, 341 new/changed stop delays, 33 new/changed trips
2026-09-22 23:26:45,865 INFO poll ok: 1208 Dublin Bus trips, 158 new/changed stop delays, 13 new/changed trips
2026-09-22 23:28:04,477 INFO poll ok: 1208 Dublin Bus trips, 153 new/changed stop delays, 15 new/changed trips
2026-09-22 23:28:53,392 INFO poll ok: 1209 Dublin Bus trips, 184 new/changed stop delays, 9 new/changed trips
2026-09-22 23:29:54,329 INFO poll ok: 1209 Dublin Bus trips, 237 new/changed stop delays, 15 new/changed trips
2026-09-22 23:30:56,188 INFO poll ok: 1267 Dublin Bus trips, 1367 new/changed stop delays, 76 new/changed trips
2026-09-22 23:31:57,677 INFO poll ok: 1269 Dublin Bus trips, 183 new/changed stop delays, 15 new/changed trips
2026-09-22 23:32:58,358 INFO poll ok: 1275 Dublin Bus trips, 242 new/changed stop delays, 18 new/changed trips
2026-09-22 23:34:01,005 INFO poll ok: 1275 Dublin Bus trips, 144 new/changed stop delays, 2 new/changed trips
2026-09-22 23:35:05,018 INFO poll ok: 1275 Dublin Bus trips, 167 new/changed stop delays, 21 new/changed trips
2026-09-22 23:36:08,019 INFO poll ok: 1281 Dublin Bus trips, 232 new/changed stop delays, 23 new/changed trips
2026-09-22 23:37:09,684 INFO poll ok: 1284 Dublin Bus trips, 215 new/changed stop delays, 23 new/changed trips
2026-09-22 23:38:17,738 INFO poll ok: 1288 Dublin Bus trips, 264 new/changed stop delays, 17 new/changed trips
2026-09-22 23:39:15,112 INFO poll ok: 1290 Dublin Bus trips, 160 new/changed stop delays, 10 new/changed trips
2026-09-22 23:40:31,098 INFO poll ok: 1321 Dublin Bus trips, 765 new/changed stop delays, 37 new/changed trips
2026-09-22 23:41:19,703 INFO poll ok: 1319 Dublin Bus trips, 164 new/changed stop delays, 23 new/changed trips
2026-09-22 23:42:21,128 INFO poll ok: 1328 Dublin Bus trips, 375 new/changed stop delays, 24 new/changed trips
2026-09-22 23:43:23,577 INFO poll ok: 1328 Dublin Bus trips, 159 new/changed stop delays, 10 new/changed trips
2026-09-22 23:44:21,502 INFO poll ok: 1334 Dublin Bus trips, 186 new/changed stop delays, 16 new/changed trips
2026-09-22 23:45:23,160 INFO poll ok: 1360 Dublin Bus trips, 545 new/changed stop delays, 43 new/changed trips
2026-09-22 23:46:26,777 INFO poll ok: 1173 Dublin Bus trips, 373 new/changed stop delays, 17 new/changed trips
2026-09-22 23:47:27,908 INFO poll ok: 1175 Dublin Bus trips, 232 new/changed stop delays, 20 new/changed trips
2026-09-22 23:48:28,194 INFO poll ok: 1177 Dublin Bus trips, 184 new/changed stop delays, 16 new/changed trips
2026-09-22 23:49:31,057 INFO poll ok: 1177 Dublin Bus trips, 133 new/changed stop delays, 18 new/changed trips
2026-09-22 23:50:33,771 INFO poll ok: 1199 Dublin Bus trips, 544 new/changed stop delays, 31 new/changed trips
2026-09-22 23:51:36,253 INFO poll ok: 1201 Dublin Bus trips, 182 new/changed stop delays, 11 new/changed trips
2026-09-22 23:52:36,992 INFO poll ok: 1202 Dublin Bus trips, 178 new/changed stop delays, 13 new/changed trips
2026-09-22 23:53:45,813 INFO poll ok: 1204 Dublin Bus trips, 199 new/changed stop delays, 15 new/changed trips
2026-09-22 23:54:44,154 INFO poll ok: 1215 Dublin Bus trips, 311 new/changed stop delays, 23 new/changed trips
2026-09-22 23:55:44,168 INFO poll ok: 1221 Dublin Bus trips, 338 new/changed stop delays, 42 new/changed trips
2026-09-22 23:56:47,878 INFO poll ok: 1219 Dublin Bus trips, 162 new/changed stop delays, 20 new/changed trips
2026-09-22 23:57:50,186 INFO poll ok: 1218 Dublin Bus trips, 242 new/changed stop delays, 10 new/changed trips
2026-09-22 23:59:08,242 INFO poll ok: 1219 Dublin Bus trips, 147 new/changed stop delays, 10 new/changed trips
2026-09-22 23:59:53,033 INFO poll ok: 1222 Dublin Bus trips, 167 new/changed stop delays, 15 new/changed trips
2026-09-23 00:00:53,772 INFO poll ok: 1282 Dublin Bus trips, 1135 new/changed stop delays, 68 new/changed trips
2026-09-23 00:01:55,612 INFO poll ok: 1288 Dublin Bus trips, 256 new/changed stop delays, 29 new/changed trips
2026-09-23 00:02:56,128 INFO poll ok: 1292 Dublin Bus trips, 230 new/changed stop delays, 27 new/changed trips
2026-09-23 00:04:03,166 INFO poll ok: 1293 Dublin Bus trips, 188 new/changed stop delays, 5 new/changed trips
2026-09-23 00:05:07,085 INFO poll ok: 1294 Dublin Bus trips, 183 new/changed stop delays, 24 new/changed trips
2026-09-23 00:06:04,739 INFO poll ok: 1298 Dublin Bus trips, 184 new/changed stop delays, 16 new/changed trips
2026-09-23 00:07:06,293 INFO poll ok: 1309 Dublin Bus trips, 356 new/changed stop delays, 24 new/changed trips
2026-09-23 00:08:07,760 INFO poll ok: 1310 Dublin Bus trips, 219 new/changed stop delays, 13 new/changed trips
2026-09-23 00:09:09,257 INFO poll ok: 1317 Dublin Bus trips, 236 new/changed stop delays, 20 new/changed trips
2026-09-23 00:10:10,916 INFO poll ok: 1317 Dublin Bus trips, 153 new/changed stop delays, 5 new/changed trips
2026-09-23 00:11:15,378 INFO poll ok: 1337 Dublin Bus trips, 607 new/changed stop delays, 47 new/changed trips
2026-09-23 00:12:16,286 INFO poll ok: 1337 Dublin Bus trips, 192 new/changed stop delays, 10 new/changed trips
2026-09-23 00:13:17,532 INFO poll ok: 1345 Dublin Bus trips, 257 new/changed stop delays, 12 new/changed trips
2026-09-23 00:15:03,266 INFO poll ok: 1346 Dublin Bus trips, 264 new/changed stop delays, 9 new/changed trips
2026-09-23 00:15:25,606 INFO poll ok: 1368 Dublin Bus trips, 541 new/changed stop delays, 41 new/changed trips
2026-09-23 00:16:22,101 INFO poll ok: 1162 Dublin Bus trips, 321 new/changed stop delays, 22 new/changed trips
2026-09-23 00:17:26,354 INFO poll ok: 1162 Dublin Bus trips, 178 new/changed stop delays, 22 new/changed trips
2026-09-23 00:18:41,824 INFO poll ok: 1175 Dublin Bus trips, 335 new/changed stop delays, 26 new/changed trips
2026-09-23 00:19:28,988 INFO poll ok: 1176 Dublin Bus trips, 152 new/changed stop delays, 6 new/changed trips
2026-09-23 00:20:32,053 INFO poll ok: 1204 Dublin Bus trips, 657 new/changed stop delays, 41 new/changed trips
2026-09-23 00:21:32,513 INFO poll ok: 1203 Dublin Bus trips, 142 new/changed stop delays, 20 new/changed trips
2026-09-23 00:22:35,850 INFO poll ok: 1208 Dublin Bus trips, 237 new/changed stop delays, 13 new/changed trips
2026-09-23 00:23:36,839 INFO poll ok: 1209 Dublin Bus trips, 185 new/changed stop delays, 19 new/changed trips
2026-09-23 00:24:38,866 INFO poll ok: 1208 Dublin Bus trips, 178 new/changed stop delays, 11 new/changed trips
2026-09-23 00:26:18,181 INFO poll ok: 1218 Dublin Bus trips, 337 new/changed stop delays, 37 new/changed trips
2026-09-23 00:26:44,148 INFO poll ok: 1220 Dublin Bus trips, 165 new/changed stop delays, 21 new/changed trips
2026-09-23 00:27:49,142 INFO poll ok: 1222 Dublin Bus trips, 215 new/changed stop delays, 30 new/changed trips
2026-09-23 00:28:47,077 INFO poll ok: 1222 Dublin Bus trips, 160 new/changed stop delays, 5 new/changed trips
2026-09-23 00:29:51,317 INFO poll ok: 1224 Dublin Bus trips, 175 new/changed stop delays, 18 new/changed trips
2026-09-23 00:30:55,630 INFO poll ok: 1278 Dublin Bus trips, 1228 new/changed stop delays, 65 new/changed trips
2026-09-23 00:32:08,701 INFO poll ok: 1279 Dublin Bus trips, 185 new/changed stop delays, 17 new/changed trips
2026-09-23 00:32:57,327 INFO poll ok: 1287 Dublin Bus trips, 244 new/changed stop delays, 21 new/changed trips
2026-09-23 00:33:57,914 INFO poll ok: 1287 Dublin Bus trips, 132 new/changed stop delays, 16 new/changed trips
2026-09-23 00:34:59,948 INFO poll ok: 1288 Dublin Bus trips, 173 new/changed stop delays, 8 new/changed trips
2026-09-23 00:36:01,803 INFO poll ok: 1292 Dublin Bus trips, 295 new/changed stop delays, 32 new/changed trips
2026-09-23 00:37:05,641 INFO poll ok: 1294 Dublin Bus trips, 172 new/changed stop delays, 11 new/changed trips
2026-09-23 00:38:05,194 INFO poll ok: 1298 Dublin Bus trips, 231 new/changed stop delays, 16 new/changed trips
2026-09-23 00:39:06,608 INFO poll ok: 1300 Dublin Bus trips, 200 new/changed stop delays, 10 new/changed trips
2026-09-23 00:40:09,770 INFO poll ok: 1302 Dublin Bus trips, 159 new/changed stop delays, 13 new/changed trips
2026-09-23 00:41:11,571 INFO poll ok: 1327 Dublin Bus trips, 655 new/changed stop delays, 54 new/changed trips
2026-09-23 00:42:13,157 INFO poll ok: 1331 Dublin Bus trips, 222 new/changed stop delays, 9 new/changed trips
2026-09-23 00:43:16,787 INFO poll ok: 1342 Dublin Bus trips, 394 new/changed stop delays, 29 new/changed trips
2026-09-23 00:44:19,173 INFO poll ok: 1344 Dublin Bus trips, 147 new/changed stop delays, 18 new/changed trips
2026-09-23 00:45:18,876 INFO poll ok: 1373 Dublin Bus trips, 613 new/changed stop delays, 36 new/changed trips
2026-09-23 00:46:21,401 INFO poll ok: 1189 Dublin Bus trips, 373 new/changed stop delays, 17 new/changed trips
2026-09-23 00:47:44,134 INFO poll ok: 1190 Dublin Bus trips, 208 new/changed stop delays, 11 new/changed trips
2026-09-23 00:48:28,384 INFO poll ok: 1193 Dublin Bus trips, 326 new/changed stop delays, 17 new/changed trips
2026-09-23 00:49:28,597 INFO poll ok: 1196 Dublin Bus trips, 213 new/changed stop delays, 12 new/changed trips
2026-09-23 00:50:31,107 INFO poll ok: 1215 Dublin Bus trips, 503 new/changed stop delays, 32 new/changed trips
2026-09-23 00:51:31,284 INFO poll ok: 1217 Dublin Bus trips, 188 new/changed stop delays, 27 new/changed trips
2026-09-23 00:52:32,828 INFO poll ok: 1220 Dublin Bus trips, 239 new/changed stop delays, 20 new/changed trips
2026-09-23 00:53:35,237 INFO poll ok: 1222 Dublin Bus trips, 155 new/changed stop delays, 16 new/changed trips
2026-09-23 00:54:39,054 INFO poll ok: 1232 Dublin Bus trips, 359 new/changed stop delays, 22 new/changed trips
2026-09-23 00:55:42,085 INFO poll ok: 1237 Dublin Bus trips, 327 new/changed stop delays, 23 new/changed trips
2026-09-23 00:56:45,319 INFO poll ok: 1236 Dublin Bus trips, 206 new/changed stop delays, 13 new/changed trips
2026-09-23 00:57:46,147 INFO poll ok: 1241 Dublin Bus trips, 237 new/changed stop delays, 25 new/changed trips
2026-09-23 00:58:46,395 INFO poll ok: 1244 Dublin Bus trips, 190 new/changed stop delays, 20 new/changed trips
2026-09-23 00:59:50,099 INFO poll ok: 1244 Dublin Bus trips, 139 new/changed stop delays, 10 new/changed trips
2026-09-23 01:00:54,877 INFO poll ok: 1300 Dublin Bus trips, 1178 new/changed stop delays, 74 new/changed trips
2026-09-23 01:01:53,549 INFO poll ok: 1297 Dublin Bus trips, 273 new/changed stop delays, 24 new/changed trips
2026-09-23 01:02:54,484 INFO poll ok: 1300 Dublin Bus trips, 198 new/changed stop delays, 22 new/changed trips
2026-09-23 01:03:57,310 INFO poll ok: 1302 Dublin Bus trips, 153 new/changed stop delays, 17 new/changed trips
2026-09-23 01:04:57,721 INFO poll ok: 1305 Dublin Bus trips, 193 new/changed stop delays, 10 new/changed trips
2026-09-23 01:06:06,599 INFO poll ok: 1314 Dublin Bus trips, 294 new/changed stop delays, 21 new/changed trips
2026-09-23 01:07:04,820 INFO poll ok: 1319 Dublin Bus trips, 361 new/changed stop delays, 16 new/changed trips
2026-09-23 01:08:08,479 INFO poll ok: 1327 Dublin Bus trips, 254 new/changed stop delays, 22 new/changed trips
2026-09-23 01:09:13,638 INFO poll ok: 1332 Dublin Bus trips, 250 new/changed stop delays, 12 new/changed trips
2026-09-23 01:10:11,320 INFO poll ok: 1333 Dublin Bus trips, 124 new/changed stop delays, 10 new/changed trips
2026-09-23 01:11:20,801 INFO poll ok: 1358 Dublin Bus trips, 725 new/changed stop delays, 45 new/changed trips
2026-09-23 01:12:10,572 INFO poll ok: 1364 Dublin Bus trips, 244 new/changed stop delays, 17 new/changed trips
2026-09-23 01:13:15,595 INFO poll ok: 1370 Dublin Bus trips, 290 new/changed stop delays, 21 new/changed trips
2026-09-23 01:14:17,285 INFO poll ok: 1374 Dublin Bus trips, 160 new/changed stop delays, 22 new/changed trips
2026-09-23 01:15:19,167 INFO poll ok: 1397 Dublin Bus trips, 512 new/changed stop delays, 36 new/changed trips
2026-09-23 01:16:19,752 INFO poll ok: 1202 Dublin Bus trips, 354 new/changed stop delays, 10 new/changed trips
2026-09-23 01:17:27,015 INFO poll ok: 1203 Dublin Bus trips, 176 new/changed stop delays, 20 new/changed trips
2026-09-23 01:18:24,009 INFO poll ok: 1215 Dublin Bus trips, 443 new/changed stop delays, 27 new/changed trips
2026-09-23 01:19:27,188 INFO poll ok: 1214 Dublin Bus trips, 158 new/changed stop delays, 7 new/changed trips
2026-09-23 01:20:28,419 INFO poll ok: 1243 Dublin Bus trips, 704 new/changed stop delays, 41 new/changed trips
2026-09-23 01:21:29,958 INFO poll ok: 1243 Dublin Bus trips, 227 new/changed stop delays, 18 new/changed trips
2026-09-23 01:22:31,391 INFO poll ok: 1246 Dublin Bus trips, 206 new/changed stop delays, 19 new/changed trips
2026-09-23 01:23:34,910 INFO poll ok: 1248 Dublin Bus trips, 193 new/changed stop delays, 15 new/changed trips
2026-09-23 01:24:35,704 INFO poll ok: 1252 Dublin Bus trips, 230 new/changed stop delays, 26 new/changed trips
2026-09-23 01:25:38,235 INFO poll ok: 1263 Dublin Bus trips, 345 new/changed stop delays, 45 new/changed trips
2026-09-23 01:26:39,538 INFO poll ok: 1269 Dublin Bus trips, 266 new/changed stop delays, 19 new/changed trips
2026-09-23 01:27:43,215 INFO poll ok: 1270 Dublin Bus trips, 168 new/changed stop delays, 7 new/changed trips
2026-09-23 01:29:00,060 INFO poll ok: 1272 Dublin Bus trips, 212 new/changed stop delays, 12 new/changed trips
2026-09-23 01:29:50,631 INFO poll ok: 1276 Dublin Bus trips, 232 new/changed stop delays, 12 new/changed trips
2026-09-23 01:30:59,111 INFO poll ok: 1334 Dublin Bus trips, 1312 new/changed stop delays, 75 new/changed trips
2026-09-23 01:32:06,863 INFO poll ok: 1333 Dublin Bus trips, 155 new/changed stop delays, 17 new/changed trips
2026-09-23 01:32:54,596 INFO poll ok: 1341 Dublin Bus trips, 238 new/changed stop delays, 24 new/changed trips
2026-09-23 01:34:02,574 INFO poll ok: 1344 Dublin Bus trips, 177 new/changed stop delays, 14 new/changed trips
2026-09-23 01:35:06,084 INFO poll ok: 1346 Dublin Bus trips, 172 new/changed stop delays, 11 new/changed trips
2026-09-23 01:36:04,841 INFO poll ok: 1350 Dublin Bus trips, 256 new/changed stop delays, 32 new/changed trips
2026-09-23 01:37:04,315 INFO poll ok: 1356 Dublin Bus trips, 237 new/changed stop delays, 15 new/changed trips
2026-09-23 01:38:06,981 INFO poll ok: 1363 Dublin Bus trips, 298 new/changed stop delays, 18 new/changed trips
2026-09-23 01:39:06,269 INFO poll ok: 1365 Dublin Bus trips, 156 new/changed stop delays, 11 new/changed trips
2026-09-23 01:40:03,969 INFO poll ok: 1362 Dublin Bus trips, 168 new/changed stop delays, 10 new/changed trips
2026-09-23 01:41:09,331 INFO poll ok: 1399 Dublin Bus trips, 930 new/changed stop delays, 57 new/changed trips
2026-09-23 01:42:12,003 INFO poll ok: 1412 Dublin Bus trips, 445 new/changed stop delays, 26 new/changed trips
2026-09-23 01:43:12,343 INFO poll ok: 1411 Dublin Bus trips, 125 new/changed stop delays, 10 new/changed trips
2026-09-23 01:44:15,501 INFO poll ok: 1408 Dublin Bus trips, 179 new/changed stop delays, 16 new/changed trips
2026-09-23 01:45:18,067 INFO poll ok: 1409 Dublin Bus trips, 166 new/changed stop delays, 16 new/changed trips
2026-09-23 01:46:18,509 INFO poll ok: 1237 Dublin Bus trips, 737 new/changed stop delays, 39 new/changed trips
2026-09-23 01:47:28,940 INFO poll ok: 1242 Dublin Bus trips, 234 new/changed stop delays, 8 new/changed trips
2026-09-23 01:48:22,048 INFO poll ok: 1247 Dublin Bus trips, 221 new/changed stop delays, 19 new/changed trips
2026-09-23 01:49:22,993 INFO poll ok: 1247 Dublin Bus trips, 155 new/changed stop delays, 5 new/changed trips
2026-09-23 01:50:28,374 INFO poll ok: 1271 Dublin Bus trips, 654 new/changed stop delays, 57 new/changed trips
2026-09-23 01:51:30,132 INFO poll ok: 1272 Dublin Bus trips, 240 new/changed stop delays, 17 new/changed trips
2026-09-23 01:52:30,657 INFO poll ok: 1282 Dublin Bus trips, 337 new/changed stop delays, 19 new/changed trips
2026-09-23 01:53:32,383 INFO poll ok: 1281 Dublin Bus trips, 191 new/changed stop delays, 8 new/changed trips
2026-09-23 01:54:37,218 INFO poll ok: 1291 Dublin Bus trips, 355 new/changed stop delays, 21 new/changed trips
2026-09-23 01:55:37,631 INFO poll ok: 1298 Dublin Bus trips, 318 new/changed stop delays, 20 new/changed trips
2026-09-23 01:56:38,571 INFO poll ok: 1307 Dublin Bus trips, 319 new/changed stop delays, 24 new/changed trips
2026-09-23 01:57:41,540 INFO poll ok: 1311 Dublin Bus trips, 195 new/changed stop delays, 14 new/changed trips
2026-09-23 01:58:43,094 INFO poll ok: 1314 Dublin Bus trips, 236 new/changed stop delays, 20 new/changed trips
2026-09-23 01:59:44,902 INFO poll ok: 1314 Dublin Bus trips, 155 new/changed stop delays, 15 new/changed trips
2026-09-23 02:00:51,158 INFO poll ok: 1382 Dublin Bus trips, 1463 new/changed stop delays, 91 new/changed trips
2026-09-23 02:01:57,606 INFO poll ok: 1380 Dublin Bus trips, 157 new/changed stop delays, 23 new/changed trips
2026-09-23 02:02:52,709 INFO poll ok: 1382 Dublin Bus trips, 217 new/changed stop delays, 23 new/changed trips
2026-09-23 02:04:07,469 INFO poll ok: 1379 Dublin Bus trips, 174 new/changed stop delays, 9 new/changed trips
2026-09-23 02:04:56,681 INFO poll ok: 1385 Dublin Bus trips, 307 new/changed stop delays, 24 new/changed trips
2026-09-23 02:05:58,625 INFO poll ok: 1392 Dublin Bus trips, 382 new/changed stop delays, 19 new/changed trips
2026-09-23 02:07:05,279 INFO poll ok: 1400 Dublin Bus trips, 383 new/changed stop delays, 20 new/changed trips
2026-09-23 02:08:05,886 INFO poll ok: 1406 Dublin Bus trips, 318 new/changed stop delays, 26 new/changed trips
2026-09-23 02:09:03,783 INFO poll ok: 1410 Dublin Bus trips, 152 new/changed stop delays, 14 new/changed trips
2026-09-23 02:10:06,676 INFO poll ok: 1411 Dublin Bus trips, 178 new/changed stop delays, 6 new/changed trips
2026-09-23 02:11:08,569 INFO poll ok: 1439 Dublin Bus trips, 819 new/changed stop delays, 43 new/changed trips
2026-09-23 02:12:14,489 INFO poll ok: 1448 Dublin Bus trips, 352 new/changed stop delays, 22 new/changed trips
2026-09-23 02:13:17,260 INFO poll ok: 1449 Dublin Bus trips, 197 new/changed stop delays, 9 new/changed trips
2026-09-23 02:14:12,989 INFO poll ok: 1448 Dublin Bus trips, 300 new/changed stop delays, 16 new/changed trips
2026-09-23 02:15:16,951 INFO poll ok: 1456 Dublin Bus trips, 371 new/changed stop delays, 17 new/changed trips
2026-09-23 02:16:16,796 INFO poll ok: 1280 Dublin Bus trips, 734 new/changed stop delays, 39 new/changed trips
2026-09-23 02:17:17,740 INFO poll ok: 1282 Dublin Bus trips, 235 new/changed stop delays, 12 new/changed trips
2026-09-23 02:18:21,682 INFO poll ok: 1295 Dublin Bus trips, 395 new/changed stop delays, 25 new/changed trips
2026-09-23 02:19:22,339 INFO poll ok: 1295 Dublin Bus trips, 231 new/changed stop delays, 8 new/changed trips
2026-09-23 02:20:26,352 INFO poll ok: 1325 Dublin Bus trips, 804 new/changed stop delays, 43 new/changed trips
2026-09-23 02:21:31,371 INFO poll ok: 1325 Dublin Bus trips, 203 new/changed stop delays, 10 new/changed trips
2026-09-23 02:22:32,455 INFO poll ok: 1333 Dublin Bus trips, 304 new/changed stop delays, 24 new/changed trips
2026-09-23 02:23:36,085 INFO poll ok: 1334 Dublin Bus trips, 179 new/changed stop delays, 14 new/changed trips
2026-09-23 02:24:37,657 INFO poll ok: 1340 Dublin Bus trips, 241 new/changed stop delays, 18 new/changed trips
2026-09-23 02:25:34,857 INFO poll ok: 1349 Dublin Bus trips, 380 new/changed stop delays, 26 new/changed trips
2026-09-23 02:26:39,900 INFO poll ok: 1352 Dublin Bus trips, 277 new/changed stop delays, 20 new/changed trips
2026-09-23 02:27:41,564 INFO poll ok: 1350 Dublin Bus trips, 163 new/changed stop delays, 13 new/changed trips
2026-09-23 02:28:41,098 INFO poll ok: 1355 Dublin Bus trips, 172 new/changed stop delays, 23 new/changed trips
2026-09-23 02:29:45,844 INFO poll ok: 1356 Dublin Bus trips, 233 new/changed stop delays, 22 new/changed trips
2026-09-23 02:32:30,595 ERROR poll failed: HTTPSConnectionPool(host='api.nationaltransport.ie', port=443): Read timed out.
2026-09-23 02:32:53,771 INFO poll ok: 1437 Dublin Bus trips, 1994 new/changed stop delays, 131 new/changed trips
2026-09-23 02:34:01,758 INFO poll ok: 1438 Dublin Bus trips, 271 new/changed stop delays, 23 new/changed trips
2026-09-23 02:34:55,246 INFO poll ok: 1439 Dublin Bus trips, 260 new/changed stop delays, 11 new/changed trips
2026-09-23 02:36:24,200 INFO poll ok: 1444 Dublin Bus trips, 325 new/changed stop delays, 35 new/changed trips
2026-09-23 02:36:58,908 INFO poll ok: 1450 Dublin Bus trips, 307 new/changed stop delays, 17 new/changed trips
2026-09-23 02:38:00,323 INFO poll ok: 1453 Dublin Bus trips, 247 new/changed stop delays, 21 new/changed trips
2026-09-23 02:39:01,921 INFO poll ok: 1454 Dublin Bus trips, 217 new/changed stop delays, 15 new/changed trips
2026-09-23 02:40:05,523 INFO poll ok: 1458 Dublin Bus trips, 260 new/changed stop delays, 7 new/changed trips
2026-09-23 02:41:07,411 INFO poll ok: 1485 Dublin Bus trips, 820 new/changed stop delays, 61 new/changed trips
2026-09-23 02:42:12,539 INFO poll ok: 1491 Dublin Bus trips, 327 new/changed stop delays, 19 new/changed trips
2026-09-23 02:43:20,909 INFO poll ok: 1497 Dublin Bus trips, 308 new/changed stop delays, 18 new/changed trips
2026-09-23 02:44:12,891 INFO poll ok: 1501 Dublin Bus trips, 340 new/changed stop delays, 24 new/changed trips
2026-09-23 02:45:18,537 INFO poll ok: 1529 Dublin Bus trips, 698 new/changed stop delays, 39 new/changed trips
2026-09-23 02:46:16,511 INFO poll ok: 1341 Dublin Bus trips, 313 new/changed stop delays, 16 new/changed trips
2026-09-23 02:47:17,359 INFO poll ok: 1346 Dublin Bus trips, 348 new/changed stop delays, 13 new/changed trips
2026-09-23 02:48:19,410 INFO poll ok: 1349 Dublin Bus trips, 254 new/changed stop delays, 19 new/changed trips
2026-09-23 02:49:22,283 INFO poll ok: 1349 Dublin Bus trips, 253 new/changed stop delays, 15 new/changed trips
2026-09-23 02:50:24,411 INFO poll ok: 1386 Dublin Bus trips, 867 new/changed stop delays, 49 new/changed trips
2026-09-23 02:51:26,226 INFO poll ok: 1389 Dublin Bus trips, 239 new/changed stop delays, 21 new/changed trips
2026-09-23 02:52:28,577 INFO poll ok: 1397 Dublin Bus trips, 363 new/changed stop delays, 20 new/changed trips
2026-09-23 02:53:29,843 INFO poll ok: 1397 Dublin Bus trips, 248 new/changed stop delays, 7 new/changed trips
2026-09-23 02:54:31,211 INFO poll ok: 1404 Dublin Bus trips, 301 new/changed stop delays, 19 new/changed trips
2026-09-23 02:55:34,774 INFO poll ok: 1414 Dublin Bus trips, 422 new/changed stop delays, 24 new/changed trips
2026-09-23 02:56:37,207 INFO poll ok: 1418 Dublin Bus trips, 385 new/changed stop delays, 27 new/changed trips
2026-09-23 02:57:38,004 INFO poll ok: 1419 Dublin Bus trips, 241 new/changed stop delays, 10 new/changed trips
2026-09-23 02:58:43,599 INFO poll ok: 1422 Dublin Bus trips, 326 new/changed stop delays, 20 new/changed trips
2026-09-23 02:59:42,577 INFO poll ok: 1423 Dublin Bus trips, 225 new/changed stop delays, 16 new/changed trips
2026-09-23 03:00:46,091 INFO poll ok: 1484 Dublin Bus trips, 1376 new/changed stop delays, 80 new/changed trips
2026-09-23 03:01:49,914 INFO poll ok: 1481 Dublin Bus trips, 366 new/changed stop delays, 11 new/changed trips
2026-09-23 03:02:50,215 INFO poll ok: 1482 Dublin Bus trips, 215 new/changed stop delays, 15 new/changed trips
2026-09-23 03:03:50,842 INFO poll ok: 1484 Dublin Bus trips, 299 new/changed stop delays, 30 new/changed trips
2026-09-23 03:04:55,991 INFO poll ok: 1489 Dublin Bus trips, 349 new/changed stop delays, 14 new/changed trips
2026-09-23 03:05:57,063 INFO poll ok: 1505 Dublin Bus trips, 445 new/changed stop delays, 30 new/changed trips
2026-09-23 03:07:11,614 INFO poll ok: 1514 Dublin Bus trips, 476 new/changed stop delays, 33 new/changed trips
2026-09-23 03:08:03,046 INFO poll ok: 1514 Dublin Bus trips, 303 new/changed stop delays, 13 new/changed trips
2026-09-23 03:09:01,587 INFO poll ok: 1519 Dublin Bus trips, 244 new/changed stop delays, 9 new/changed trips
2026-09-23 03:10:03,386 INFO poll ok: 1521 Dublin Bus trips, 294 new/changed stop delays, 15 new/changed trips
2026-09-23 03:11:09,261 INFO poll ok: 1553 Dublin Bus trips, 1039 new/changed stop delays, 61 new/changed trips
2026-09-23 03:12:08,539 INFO poll ok: 1554 Dublin Bus trips, 274 new/changed stop delays, 10 new/changed trips
2026-09-23 03:13:09,248 INFO poll ok: 1556 Dublin Bus trips, 311 new/changed stop delays, 26 new/changed trips
2026-09-23 03:14:16,679 INFO poll ok: 1559 Dublin Bus trips, 290 new/changed stop delays, 16 new/changed trips
2026-09-23 03:15:30,303 INFO poll ok: 1560 Dublin Bus trips, 246 new/changed stop delays, 7 new/changed trips
2026-09-23 03:16:24,497 INFO poll ok: 1391 Dublin Bus trips, 835 new/changed stop delays, 46 new/changed trips
2026-09-23 03:17:23,126 INFO poll ok: 1400 Dublin Bus trips, 366 new/changed stop delays, 24 new/changed trips
2026-09-23 03:18:18,411 INFO poll ok: 1407 Dublin Bus trips, 440 new/changed stop delays, 29 new/changed trips
2026-09-23 03:19:22,457 INFO poll ok: 1409 Dublin Bus trips, 296 new/changed stop delays, 11 new/changed trips
2026-09-23 03:20:22,696 INFO poll ok: 1453 Dublin Bus trips, 985 new/changed stop delays, 51 new/changed trips
2026-09-23 03:21:52,365 INFO poll ok: 1454 Dublin Bus trips, 306 new/changed stop delays, 17 new/changed trips
2026-09-23 03:22:34,209 INFO poll ok: 1461 Dublin Bus trips, 483 new/changed stop delays, 25 new/changed trips
2026-09-23 03:23:28,614 INFO poll ok: 1458 Dublin Bus trips, 214 new/changed stop delays, 10 new/changed trips
2026-09-23 03:24:42,984 INFO poll ok: 1464 Dublin Bus trips, 364 new/changed stop delays, 29 new/changed trips
2026-09-23 03:25:37,571 INFO poll ok: 1478 Dublin Bus trips, 553 new/changed stop delays, 36 new/changed trips
2026-09-23 03:26:40,811 INFO poll ok: 1482 Dublin Bus trips, 350 new/changed stop delays, 24 new/changed trips
2026-09-23 03:27:42,228 INFO poll ok: 1482 Dublin Bus trips, 260 new/changed stop delays, 12 new/changed trips
2026-09-23 03:28:38,388 INFO poll ok: 1486 Dublin Bus trips, 359 new/changed stop delays, 15 new/changed trips
2026-09-23 03:29:42,408 INFO poll ok: 1487 Dublin Bus trips, 274 new/changed stop delays, 14 new/changed trips
2026-09-23 03:30:44,852 INFO poll ok: 1555 Dublin Bus trips, 1504 new/changed stop delays, 75 new/changed trips
2026-09-23 03:31:49,318 INFO poll ok: 1549 Dublin Bus trips, 347 new/changed stop delays, 21 new/changed trips
2026-09-23 03:32:46,555 INFO poll ok: 1548 Dublin Bus trips, 222 new/changed stop delays, 18 new/changed trips
2026-09-23 03:33:48,684 INFO poll ok: 1551 Dublin Bus trips, 275 new/changed stop delays, 19 new/changed trips
2026-09-23 03:35:01,374 INFO poll ok: 1561 Dublin Bus trips, 297 new/changed stop delays, 21 new/changed trips
2026-09-23 03:35:54,019 INFO poll ok: 1575 Dublin Bus trips, 543 new/changed stop delays, 49 new/changed trips
2026-09-23 03:36:55,671 INFO poll ok: 1574 Dublin Bus trips, 264 new/changed stop delays, 15 new/changed trips
2026-09-23 03:38:00,754 INFO poll ok: 1579 Dublin Bus trips, 355 new/changed stop delays, 21 new/changed trips
2026-09-23 03:39:04,299 INFO poll ok: 1578 Dublin Bus trips, 257 new/changed stop delays, 6 new/changed trips
2026-09-23 03:40:02,342 INFO poll ok: 1580 Dublin Bus trips, 382 new/changed stop delays, 10 new/changed trips
2026-09-23 03:41:04,879 INFO poll ok: 1613 Dublin Bus trips, 863 new/changed stop delays, 52 new/changed trips
2026-09-23 03:42:20,291 INFO poll ok: 1613 Dublin Bus trips, 334 new/changed stop delays, 22 new/changed trips
2026-09-23 03:43:20,922 INFO poll ok: 1621 Dublin Bus trips, 391 new/changed stop delays, 29 new/changed trips
2026-09-23 03:44:10,526 INFO poll ok: 1622 Dublin Bus trips, 175 new/changed stop delays, 9 new/changed trips
2026-09-23 03:45:12,411 INFO poll ok: 1627 Dublin Bus trips, 310 new/changed stop delays, 10 new/changed trips
2026-09-23 03:46:13,357 INFO poll ok: 1487 Dublin Bus trips, 960 new/changed stop delays, 62 new/changed trips
2026-09-23 03:47:16,769 INFO poll ok: 1487 Dublin Bus trips, 183 new/changed stop delays, 11 new/changed trips
2026-09-23 03:48:16,341 INFO poll ok: 1484 Dublin Bus trips, 232 new/changed stop delays, 16 new/changed trips
2026-09-23 03:49:19,591 INFO poll ok: 1490 Dublin Bus trips, 393 new/changed stop delays, 12 new/changed trips
2026-09-23 03:50:22,606 INFO poll ok: 1516 Dublin Bus trips, 748 new/changed stop delays, 37 new/changed trips
2026-09-23 03:51:23,574 INFO poll ok: 1515 Dublin Bus trips, 323 new/changed stop delays, 14 new/changed trips
2026-09-23 03:52:23,146 INFO poll ok: 1528 Dublin Bus trips, 408 new/changed stop delays, 19 new/changed trips
2026-09-23 03:53:27,130 INFO poll ok: 1530 Dublin Bus trips, 302 new/changed stop delays, 31 new/changed trips
2026-09-23 03:54:30,953 INFO poll ok: 1538 Dublin Bus trips, 394 new/changed stop delays, 27 new/changed trips
2026-09-23 03:55:31,108 INFO poll ok: 1549 Dublin Bus trips, 431 new/changed stop delays, 32 new/changed trips
2026-09-23 03:56:33,425 INFO poll ok: 1552 Dublin Bus trips, 250 new/changed stop delays, 35 new/changed trips
2026-09-23 03:57:38,085 INFO poll ok: 1550 Dublin Bus trips, 269 new/changed stop delays, 9 new/changed trips
2026-09-23 03:58:42,151 INFO poll ok: 1554 Dublin Bus trips, 337 new/changed stop delays, 14 new/changed trips
2026-09-23 03:59:40,159 INFO poll ok: 1558 Dublin Bus trips, 238 new/changed stop delays, 11 new/changed trips
2026-09-23 04:00:41,727 INFO poll ok: 1623 Dublin Bus trips, 1367 new/changed stop delays, 93 new/changed trips
2026-09-23 04:01:48,848 INFO poll ok: 1623 Dublin Bus trips, 402 new/changed stop delays, 26 new/changed trips
2026-09-23 04:02:46,267 INFO poll ok: 1628 Dublin Bus trips, 366 new/changed stop delays, 17 new/changed trips
2026-09-23 04:03:49,656 INFO poll ok: 1629 Dublin Bus trips, 282 new/changed stop delays, 20 new/changed trips
2026-09-23 04:04:50,727 INFO poll ok: 1631 Dublin Bus trips, 300 new/changed stop delays, 14 new/changed trips
2026-09-23 04:05:52,141 INFO poll ok: 1637 Dublin Bus trips, 367 new/changed stop delays, 32 new/changed trips
2026-09-23 04:06:54,795 INFO poll ok: 1645 Dublin Bus trips, 436 new/changed stop delays, 13 new/changed trips
2026-09-23 04:08:26,969 INFO poll ok: 1647 Dublin Bus trips, 329 new/changed stop delays, 31 new/changed trips
2026-09-23 04:09:08,198 INFO poll ok: 1649 Dublin Bus trips, 304 new/changed stop delays, 19 new/changed trips
2026-09-23 04:10:02,214 INFO poll ok: 1648 Dublin Bus trips, 279 new/changed stop delays, 14 new/changed trips
2026-09-23 04:11:04,538 INFO poll ok: 1673 Dublin Bus trips, 639 new/changed stop delays, 38 new/changed trips
2026-09-23 04:12:06,440 INFO poll ok: 1668 Dublin Bus trips, 400 new/changed stop delays, 14 new/changed trips
2026-09-23 04:13:06,494 INFO poll ok: 1669 Dublin Bus trips, 277 new/changed stop delays, 12 new/changed trips
2026-09-23 04:14:03,818 INFO poll ok: 1671 Dublin Bus trips, 278 new/changed stop delays, 15 new/changed trips
2026-09-23 04:15:11,141 INFO poll ok: 1669 Dublin Bus trips, 277 new/changed stop delays, 21 new/changed trips
2026-09-23 04:16:14,229 INFO poll ok: 1512 Dublin Bus trips, 1077 new/changed stop delays, 56 new/changed trips
2026-09-23 04:17:13,454 INFO poll ok: 1512 Dublin Bus trips, 258 new/changed stop delays, 11 new/changed trips
2026-09-23 04:18:18,689 INFO poll ok: 1518 Dublin Bus trips, 365 new/changed stop delays, 21 new/changed trips
2026-09-23 04:19:17,890 INFO poll ok: 1518 Dublin Bus trips, 392 new/changed stop delays, 19 new/changed trips
2026-09-23 04:20:18,855 INFO poll ok: 1539 Dublin Bus trips, 731 new/changed stop delays, 32 new/changed trips
2026-09-23 04:21:23,578 INFO poll ok: 1537 Dublin Bus trips, 423 new/changed stop delays, 20 new/changed trips
2026-09-23 04:22:23,301 INFO poll ok: 1544 Dublin Bus trips, 399 new/changed stop delays, 16 new/changed trips
2026-09-23 04:23:25,091 INFO poll ok: 1542 Dublin Bus trips, 271 new/changed stop delays, 22 new/changed trips
2026-09-23 04:24:30,121 INFO poll ok: 1546 Dublin Bus trips, 375 new/changed stop delays, 20 new/changed trips
2026-09-23 04:25:31,256 INFO poll ok: 1551 Dublin Bus trips, 556 new/changed stop delays, 28 new/changed trips
2026-09-23 04:26:59,188 INFO poll ok: 1547 Dublin Bus trips, 342 new/changed stop delays, 19 new/changed trips
2026-09-23 04:27:37,954 INFO poll ok: 1550 Dublin Bus trips, 299 new/changed stop delays, 12 new/changed trips
2026-09-23 04:28:35,952 INFO poll ok: 1549 Dublin Bus trips, 334 new/changed stop delays, 25 new/changed trips
2026-09-23 04:29:36,427 INFO poll ok: 1552 Dublin Bus trips, 285 new/changed stop delays, 21 new/changed trips
2026-09-23 04:30:37,930 INFO poll ok: 1609 Dublin Bus trips, 1360 new/changed stop delays, 69 new/changed trips
2026-09-23 04:31:42,231 INFO poll ok: 1608 Dublin Bus trips, 324 new/changed stop delays, 12 new/changed trips
2026-09-23 04:32:59,598 INFO poll ok: 1612 Dublin Bus trips, 405 new/changed stop delays, 22 new/changed trips
2026-09-23 04:33:48,377 INFO poll ok: 1620 Dublin Bus trips, 383 new/changed stop delays, 32 new/changed trips
2026-09-23 04:34:47,067 INFO poll ok: 1623 Dublin Bus trips, 311 new/changed stop delays, 19 new/changed trips
2026-09-23 04:35:50,780 INFO poll ok: 1632 Dublin Bus trips, 388 new/changed stop delays, 30 new/changed trips
2026-09-23 04:37:09,561 INFO poll ok: 1634 Dublin Bus trips, 323 new/changed stop delays, 26 new/changed trips
2026-09-23 04:37:54,047 INFO poll ok: 1639 Dublin Bus trips, 317 new/changed stop delays, 21 new/changed trips
2026-09-23 04:38:57,139 INFO poll ok: 1636 Dublin Bus trips, 255 new/changed stop delays, 9 new/changed trips
2026-09-23 04:40:05,045 INFO poll ok: 1637 Dublin Bus trips, 288 new/changed stop delays, 10 new/changed trips
2026-09-23 04:41:00,471 INFO poll ok: 1663 Dublin Bus trips, 709 new/changed stop delays, 41 new/changed trips
2026-09-23 04:42:08,993 INFO poll ok: 1661 Dublin Bus trips, 313 new/changed stop delays, 5 new/changed trips
2026-09-23 04:43:07,743 INFO poll ok: 1666 Dublin Bus trips, 378 new/changed stop delays, 22 new/changed trips
2026-09-23 04:44:06,788 INFO poll ok: 1666 Dublin Bus trips, 362 new/changed stop delays, 22 new/changed trips
2026-09-23 04:45:10,515 INFO poll ok: 1672 Dublin Bus trips, 314 new/changed stop delays, 20 new/changed trips
2026-09-23 04:46:09,821 INFO poll ok: 1517 Dublin Bus trips, 1078 new/changed stop delays, 59 new/changed trips
2026-09-23 04:47:11,644 INFO poll ok: 1514 Dublin Bus trips, 258 new/changed stop delays, 21 new/changed trips
2026-09-23 04:48:24,674 INFO poll ok: 1516 Dublin Bus trips, 333 new/changed stop delays, 26 new/changed trips
2026-09-23 04:49:17,011 INFO poll ok: 1520 Dublin Bus trips, 360 new/changed stop delays, 17 new/changed trips
2026-09-23 04:50:17,212 INFO poll ok: 1539 Dublin Bus trips, 626 new/changed stop delays, 33 new/changed trips
2026-09-23 04:51:19,756 INFO poll ok: 1541 Dublin Bus trips, 331 new/changed stop delays, 20 new/changed trips
2026-09-23 04:52:21,828 INFO poll ok: 1543 Dublin Bus trips, 385 new/changed stop delays, 9 new/changed trips
2026-09-23 04:53:24,256 INFO poll ok: 1546 Dublin Bus trips, 309 new/changed stop delays, 22 new/changed trips
2026-09-23 04:54:29,570 INFO poll ok: 1557 Dublin Bus trips, 443 new/changed stop delays, 20 new/changed trips
2026-09-23 04:55:26,340 INFO poll ok: 1560 Dublin Bus trips, 383 new/changed stop delays, 18 new/changed trips
2026-09-23 04:56:30,185 INFO poll ok: 1561 Dublin Bus trips, 351 new/changed stop delays, 29 new/changed trips
2026-09-23 04:57:34,057 INFO poll ok: 1561 Dublin Bus trips, 280 new/changed stop delays, 13 new/changed trips
2026-09-23 04:58:47,665 INFO poll ok: 1560 Dublin Bus trips, 289 new/changed stop delays, 21 new/changed trips
2026-09-23 04:59:38,041 INFO poll ok: 1563 Dublin Bus trips, 308 new/changed stop delays, 15 new/changed trips
2026-09-23 05:00:43,609 INFO poll ok: 1622 Dublin Bus trips, 1320 new/changed stop delays, 72 new/changed trips
2026-09-23 05:01:42,387 INFO poll ok: 1616 Dublin Bus trips, 248 new/changed stop delays, 18 new/changed trips
2026-09-23 05:02:45,881 INFO poll ok: 1619 Dublin Bus trips, 313 new/changed stop delays, 15 new/changed trips
2026-09-23 05:03:47,724 INFO poll ok: 1624 Dublin Bus trips, 304 new/changed stop delays, 32 new/changed trips
2026-09-23 05:04:54,698 INFO poll ok: 1626 Dublin Bus trips, 253 new/changed stop delays, 8 new/changed trips
2026-09-23 05:05:55,395 INFO poll ok: 1631 Dublin Bus trips, 418 new/changed stop delays, 25 new/changed trips
2026-09-23 05:06:51,540 INFO poll ok: 1636 Dublin Bus trips, 309 new/changed stop delays, 24 new/changed trips
2026-09-23 05:08:05,038 INFO poll ok: 1636 Dublin Bus trips, 345 new/changed stop delays, 14 new/changed trips
2026-09-23 05:08:52,186 INFO poll ok: 1640 Dublin Bus trips, 274 new/changed stop delays, 14 new/changed trips
2026-09-23 05:09:58,227 INFO poll ok: 1645 Dublin Bus trips, 368 new/changed stop delays, 18 new/changed trips
2026-09-23 05:11:01,812 INFO poll ok: 1659 Dublin Bus trips, 538 new/changed stop delays, 39 new/changed trips
2026-09-23 05:12:01,450 INFO poll ok: 1656 Dublin Bus trips, 260 new/changed stop delays, 13 new/changed trips
2026-09-23 05:13:01,364 INFO poll ok: 1659 Dublin Bus trips, 228 new/changed stop delays, 7 new/changed trips
2026-09-23 05:14:09,326 INFO poll ok: 1663 Dublin Bus trips, 326 new/changed stop delays, 35 new/changed trips
2026-09-23 05:15:05,684 INFO poll ok: 1664 Dublin Bus trips, 194 new/changed stop delays, 11 new/changed trips
2026-09-23 05:16:08,366 INFO poll ok: 1481 Dublin Bus trips, 996 new/changed stop delays, 44 new/changed trips
2026-09-23 05:17:16,977 INFO poll ok: 1480 Dublin Bus trips, 232 new/changed stop delays, 9 new/changed trips
2026-09-23 05:18:12,702 INFO poll ok: 1486 Dublin Bus trips, 416 new/changed stop delays, 18 new/changed trips
2026-09-23 05:19:40,456 INFO poll ok: 1481 Dublin Bus trips, 273 new/changed stop delays, 26 new/changed trips
2026-09-23 05:20:15,875 INFO poll ok: 1499 Dublin Bus trips, 671 new/changed stop delays, 33 new/changed trips
2026-09-23 05:21:19,285 INFO poll ok: 1501 Dublin Bus trips, 280 new/changed stop delays, 14 new/changed trips
2026-09-23 05:22:33,621 INFO poll ok: 1506 Dublin Bus trips, 348 new/changed stop delays, 26 new/changed trips
2026-09-23 05:23:23,285 INFO poll ok: 1509 Dublin Bus trips, 327 new/changed stop delays, 8 new/changed trips
2026-09-23 05:24:32,509 INFO poll ok: 1511 Dublin Bus trips, 273 new/changed stop delays, 17 new/changed trips
2026-09-23 05:25:24,628 INFO poll ok: 1514 Dublin Bus trips, 403 new/changed stop delays, 14 new/changed trips
2026-09-23 05:26:42,916 INFO poll ok: 1512 Dublin Bus trips, 306 new/changed stop delays, 21 new/changed trips
2026-09-23 05:27:32,322 INFO poll ok: 1514 Dublin Bus trips, 317 new/changed stop delays, 19 new/changed trips
2026-09-23 05:28:31,541 INFO poll ok: 1513 Dublin Bus trips, 212 new/changed stop delays, 29 new/changed trips
2026-09-23 05:29:33,350 INFO poll ok: 1514 Dublin Bus trips, 227 new/changed stop delays, 19 new/changed trips
2026-09-23 05:30:36,140 INFO poll ok: 1575 Dublin Bus trips, 1376 new/changed stop delays, 67 new/changed trips
2026-09-23 05:31:47,176 INFO poll ok: 1568 Dublin Bus trips, 273 new/changed stop delays, 12 new/changed trips
2026-09-23 05:32:41,105 INFO poll ok: 1568 Dublin Bus trips, 192 new/changed stop delays, 9 new/changed trips
2026-09-23 05:33:43,017 INFO poll ok: 1574 Dublin Bus trips, 313 new/changed stop delays, 24 new/changed trips
2026-09-23 05:34:46,476 INFO poll ok: 1576 Dublin Bus trips, 235 new/changed stop delays, 13 new/changed trips
2026-09-23 05:35:52,003 INFO poll ok: 1581 Dublin Bus trips, 358 new/changed stop delays, 26 new/changed trips
2026-09-23 05:36:52,425 INFO poll ok: 1580 Dublin Bus trips, 266 new/changed stop delays, 17 new/changed trips
2026-09-23 05:37:52,774 INFO poll ok: 1582 Dublin Bus trips, 311 new/changed stop delays, 19 new/changed trips
2026-09-23 05:39:01,021 INFO poll ok: 1580 Dublin Bus trips, 198 new/changed stop delays, 35 new/changed trips
2026-09-23 05:40:01,800 INFO poll ok: 1579 Dublin Bus trips, 222 new/changed stop delays, 8 new/changed trips
2026-09-23 05:40:56,534 INFO poll ok: 1598 Dublin Bus trips, 602 new/changed stop delays, 38 new/changed trips
2026-09-23 05:42:02,404 INFO poll ok: 1597 Dublin Bus trips, 201 new/changed stop delays, 17 new/changed trips
2026-09-23 05:43:04,689 INFO poll ok: 1601 Dublin Bus trips, 417 new/changed stop delays, 19 new/changed trips
2026-09-23 05:44:07,713 INFO poll ok: 1599 Dublin Bus trips, 227 new/changed stop delays, 31 new/changed trips
2026-09-23 05:45:06,209 INFO poll ok: 1601 Dublin Bus trips, 212 new/changed stop delays, 9 new/changed trips
2026-09-23 05:46:05,765 INFO poll ok: 1402 Dublin Bus trips, 1172 new/changed stop delays, 53 new/changed trips
2026-09-23 05:47:09,723 INFO poll ok: 1400 Dublin Bus trips, 175 new/changed stop delays, 16 new/changed trips
2026-09-23 05:48:11,011 INFO poll ok: 1402 Dublin Bus trips, 246 new/changed stop delays, 28 new/changed trips
2026-09-23 05:49:10,298 INFO poll ok: 1401 Dublin Bus trips, 257 new/changed stop delays, 33 new/changed trips
2026-09-23 05:50:30,611 INFO poll ok: 1403 Dublin Bus trips, 213 new/changed stop delays, 9 new/changed trips
2026-09-23 05:51:16,898 INFO poll ok: 1412 Dublin Bus trips, 392 new/changed stop delays, 20 new/changed trips
2026-09-23 05:52:16,901 INFO poll ok: 1415 Dublin Bus trips, 238 new/changed stop delays, 10 new/changed trips
2026-09-23 05:53:18,652 INFO poll ok: 1412 Dublin Bus trips, 213 new/changed stop delays, 8 new/changed trips
2026-09-23 05:54:22,842 INFO poll ok: 1417 Dublin Bus trips, 302 new/changed stop delays, 34 new/changed trips
2026-09-23 05:55:22,148 INFO poll ok: 1424 Dublin Bus trips, 360 new/changed stop delays, 13 new/changed trips
2026-09-23 05:56:27,157 INFO poll ok: 1426 Dublin Bus trips, 224 new/changed stop delays, 31 new/changed trips
2026-09-23 05:57:29,863 INFO poll ok: 1424 Dublin Bus trips, 195 new/changed stop delays, 17 new/changed trips
2026-09-23 05:58:29,186 INFO poll ok: 1424 Dublin Bus trips, 157 new/changed stop delays, 27 new/changed trips
2026-09-23 05:59:32,725 INFO poll ok: 1422 Dublin Bus trips, 178 new/changed stop delays, 13 new/changed trips
2026-09-23 06:00:35,127 INFO poll ok: 1483 Dublin Bus trips, 1395 new/changed stop delays, 75 new/changed trips
2026-09-23 06:01:35,419 INFO poll ok: 1478 Dublin Bus trips, 147 new/changed stop delays, 16 new/changed trips
2026-09-23 06:02:38,462 INFO poll ok: 1479 Dublin Bus trips, 187 new/changed stop delays, 10 new/changed trips
2026-09-23 06:03:41,302 INFO poll ok: 1479 Dublin Bus trips, 216 new/changed stop delays, 30 new/changed trips
2026-09-23 06:04:59,072 INFO poll ok: 1476 Dublin Bus trips, 193 new/changed stop delays, 28 new/changed trips
2026-09-23 06:05:45,220 INFO poll ok: 1476 Dublin Bus trips, 189 new/changed stop delays, 16 new/changed trips
2026-09-23 06:06:51,182 INFO poll ok: 1481 Dublin Bus trips, 171 new/changed stop delays, 11 new/changed trips
2026-09-23 06:07:51,097 INFO poll ok: 1482 Dublin Bus trips, 145 new/changed stop delays, 8 new/changed trips
2026-09-23 06:08:50,002 INFO poll ok: 1481 Dublin Bus trips, 120 new/changed stop delays, 22 new/changed trips
2026-09-23 06:09:51,933 INFO poll ok: 1481 Dublin Bus trips, 200 new/changed stop delays, 8 new/changed trips
2026-09-23 06:10:54,045 INFO poll ok: 1492 Dublin Bus trips, 447 new/changed stop delays, 42 new/changed trips
2026-09-23 06:11:56,735 INFO poll ok: 1497 Dublin Bus trips, 189 new/changed stop delays, 19 new/changed trips
2026-09-23 06:12:58,789 INFO poll ok: 1503 Dublin Bus trips, 208 new/changed stop delays, 22 new/changed trips
2026-09-23 06:14:01,648 INFO poll ok: 1503 Dublin Bus trips, 146 new/changed stop delays, 37 new/changed trips
2026-09-23 06:15:02,321 INFO poll ok: 1504 Dublin Bus trips, 123 new/changed stop delays, 2 new/changed trips
2026-09-23 06:16:03,869 INFO poll ok: 1257 Dublin Bus trips, 959 new/changed stop delays, 47 new/changed trips
2026-09-23 06:17:03,290 INFO poll ok: 1257 Dublin Bus trips, 162 new/changed stop delays, 24 new/changed trips
2026-09-23 06:18:08,155 INFO poll ok: 1259 Dublin Bus trips, 122 new/changed stop delays, 16 new/changed trips
2026-09-23 06:19:10,174 INFO poll ok: 1261 Dublin Bus trips, 245 new/changed stop delays, 47 new/changed trips
2026-09-23 06:20:09,784 INFO poll ok: 1265 Dublin Bus trips, 165 new/changed stop delays, 14 new/changed trips
2026-09-23 06:21:13,123 INFO poll ok: 1275 Dublin Bus trips, 474 new/changed stop delays, 30 new/changed trips
2026-09-23 06:22:14,917 INFO poll ok: 1274 Dublin Bus trips, 145 new/changed stop delays, 16 new/changed trips
2026-09-23 06:23:17,902 INFO poll ok: 1275 Dublin Bus trips, 126 new/changed stop delays, 17 new/changed trips
2026-09-23 06:24:23,379 INFO poll ok: 1275 Dublin Bus trips, 177 new/changed stop delays, 39 new/changed trips
2026-09-23 06:25:35,304 INFO poll ok: 1278 Dublin Bus trips, 245 new/changed stop delays, 11 new/changed trips
2026-09-23 06:26:22,263 INFO poll ok: 1278 Dublin Bus trips, 222 new/changed stop delays, 28 new/changed trips
2026-09-23 06:27:24,610 INFO poll ok: 1281 Dublin Bus trips, 173 new/changed stop delays, 11 new/changed trips
2026-09-23 06:28:27,054 INFO poll ok: 1284 Dublin Bus trips, 211 new/changed stop delays, 10 new/changed trips
2026-09-23 06:29:29,338 INFO poll ok: 1286 Dublin Bus trips, 96 new/changed stop delays, 35 new/changed trips
2026-09-23 06:30:30,024 INFO poll ok: 1354 Dublin Bus trips, 1378 new/changed stop delays, 79 new/changed trips
2026-09-23 06:31:33,701 INFO poll ok: 1352 Dublin Bus trips, 161 new/changed stop delays, 13 new/changed trips
2026-09-23 06:32:35,293 INFO poll ok: 1351 Dublin Bus trips, 138 new/changed stop delays, 14 new/changed trips
2026-09-23 06:33:35,842 INFO poll ok: 1352 Dublin Bus trips, 145 new/changed stop delays, 16 new/changed trips
2026-09-23 06:34:39,361 INFO poll ok: 1354 Dublin Bus trips, 153 new/changed stop delays, 20 new/changed trips
2026-09-23 06:35:41,887 INFO poll ok: 1354 Dublin Bus trips, 152 new/changed stop delays, 20 new/changed trips
2026-09-23 06:36:43,918 INFO poll ok: 1354 Dublin Bus trips, 111 new/changed stop delays, 9 new/changed trips
2026-09-23 06:37:46,041 INFO poll ok: 1360 Dublin Bus trips, 161 new/changed stop delays, 5 new/changed trips
2026-09-23 06:38:50,673 INFO poll ok: 1360 Dublin Bus trips, 151 new/changed stop delays, 34 new/changed trips
2026-09-23 06:39:49,469 INFO poll ok: 1363 Dublin Bus trips, 163 new/changed stop delays, 16 new/changed trips
2026-09-23 06:40:52,071 INFO poll ok: 1375 Dublin Bus trips, 444 new/changed stop delays, 41 new/changed trips
2026-09-23 06:41:53,464 INFO poll ok: 1371 Dublin Bus trips, 115 new/changed stop delays, 4 new/changed trips
2026-09-23 06:42:56,253 INFO poll ok: 1373 Dublin Bus trips, 150 new/changed stop delays, 19 new/changed trips
2026-09-23 06:43:57,831 INFO poll ok: 1372 Dublin Bus trips, 143 new/changed stop delays, 27 new/changed trips
2026-09-23 06:45:00,413 INFO poll ok: 1374 Dublin Bus trips, 143 new/changed stop delays, 7 new/changed trips
2026-09-23 06:45:59,714 INFO poll ok: 1114 Dublin Bus trips, 867 new/changed stop delays, 44 new/changed trips
2026-09-23 06:47:19,338 INFO poll ok: 1114 Dublin Bus trips, 224 new/changed stop delays, 16 new/changed trips
2026-09-23 06:48:03,824 INFO poll ok: 1115 Dublin Bus trips, 121 new/changed stop delays, 5 new/changed trips
2026-09-23 06:49:05,864 INFO poll ok: 1113 Dublin Bus trips, 109 new/changed stop delays, 15 new/changed trips
2026-09-23 06:50:09,898 INFO poll ok: 1118 Dublin Bus trips, 227 new/changed stop delays, 16 new/changed trips
2026-09-23 06:51:09,916 INFO poll ok: 1121 Dublin Bus trips, 190 new/changed stop delays, 15 new/changed trips
2026-09-23 06:52:12,811 INFO poll ok: 1123 Dublin Bus trips, 115 new/changed stop delays, 6 new/changed trips
2026-09-23 06:53:16,106 INFO poll ok: 1122 Dublin Bus trips, 178 new/changed stop delays, 11 new/changed trips
2026-09-23 06:54:16,297 INFO poll ok: 1124 Dublin Bus trips, 193 new/changed stop delays, 38 new/changed trips
2026-09-23 06:55:17,164 INFO poll ok: 1125 Dublin Bus trips, 210 new/changed stop delays, 22 new/changed trips
2026-09-23 06:56:20,230 INFO poll ok: 1124 Dublin Bus trips, 89 new/changed stop delays, 30 new/changed trips
2026-09-23 06:57:23,408 INFO poll ok: 1127 Dublin Bus trips, 172 new/changed stop delays, 20 new/changed trips
2026-09-23 06:58:26,484 INFO poll ok: 1133 Dublin Bus trips, 168 new/changed stop delays, 18 new/changed trips
2026-09-23 06:59:26,276 INFO poll ok: 1134 Dublin Bus trips, 104 new/changed stop delays, 19 new/changed trips
2026-09-23 07:00:27,581 INFO poll ok: 1204 Dublin Bus trips, 1414 new/changed stop delays, 84 new/changed trips
2026-09-23 07:01:34,702 INFO poll ok: 1200 Dublin Bus trips, 142 new/changed stop delays, 17 new/changed trips
2026-09-23 07:02:33,358 INFO poll ok: 1202 Dublin Bus trips, 117 new/changed stop delays, 17 new/changed trips
2026-09-23 07:03:33,145 INFO poll ok: 1203 Dublin Bus trips, 131 new/changed stop delays, 10 new/changed trips
2026-09-23 07:04:35,993 INFO poll ok: 1209 Dublin Bus trips, 174 new/changed stop delays, 26 new/changed trips
2026-09-23 07:05:41,685 INFO poll ok: 1212 Dublin Bus trips, 130 new/changed stop delays, 7 new/changed trips
2026-09-23 07:06:40,420 INFO poll ok: 1214 Dublin Bus trips, 134 new/changed stop delays, 13 new/changed trips
2026-09-23 07:07:42,674 INFO poll ok: 1217 Dublin Bus trips, 186 new/changed stop delays, 16 new/changed trips
2026-09-23 07:08:46,494 INFO poll ok: 1219 Dublin Bus trips, 104 new/changed stop delays, 22 new/changed trips
2026-09-23 07:09:48,233 INFO poll ok: 1221 Dublin Bus trips, 138 new/changed stop delays, 6 new/changed trips
2026-09-23 07:10:49,703 INFO poll ok: 1233 Dublin Bus trips, 412 new/changed stop delays, 29 new/changed trips
2026-09-23 07:11:51,440 INFO poll ok: 1229 Dublin Bus trips, 88 new/changed stop delays, 11 new/changed trips
2026-09-23 07:12:53,495 INFO poll ok: 1231 Dublin Bus trips, 218 new/changed stop delays, 14 new/changed trips
2026-09-23 07:13:55,264 INFO poll ok: 1232 Dublin Bus trips, 136 new/changed stop delays, 28 new/changed trips
2026-09-23 07:14:56,368 INFO poll ok: 1233 Dublin Bus trips, 104 new/changed stop delays, 8 new/changed trips
2026-09-23 07:15:58,248 INFO poll ok: 1030 Dublin Bus trips, 938 new/changed stop delays, 51 new/changed trips
2026-09-23 07:17:00,245 INFO poll ok: 1029 Dublin Bus trips, 182 new/changed stop delays, 9 new/changed trips
2026-09-23 07:18:03,705 INFO poll ok: 1029 Dublin Bus trips, 132 new/changed stop delays, 18 new/changed trips
2026-09-23 07:19:03,967 INFO poll ok: 1030 Dublin Bus trips, 104 new/changed stop delays, 13 new/changed trips
2026-09-23 07:20:06,690 INFO poll ok: 1030 Dublin Bus trips, 126 new/changed stop delays, 14 new/changed trips
2026-09-23 07:21:08,538 INFO poll ok: 1046 Dublin Bus trips, 427 new/changed stop delays, 25 new/changed trips
2026-09-23 07:22:12,640 INFO poll ok: 1049 Dublin Bus trips, 189 new/changed stop delays, 15 new/changed trips
2026-09-23 07:23:12,618 INFO poll ok: 1049 Dublin Bus trips, 94 new/changed stop delays, 5 new/changed trips
2026-09-23 07:24:14,537 INFO poll ok: 1054 Dublin Bus trips, 141 new/changed stop delays, 21 new/changed trips
2026-09-23 07:25:24,961 INFO poll ok: 1060 Dublin Bus trips, 248 new/changed stop delays, 17 new/changed trips
2026-09-23 07:26:18,976 INFO poll ok: 1058 Dublin Bus trips, 91 new/changed stop delays, 29 new/changed trips
2026-09-23 07:27:23,923 INFO poll ok: 1060 Dublin Bus trips, 160 new/changed stop delays, 11 new/changed trips
2026-09-23 07:28:23,324 INFO poll ok: 1063 Dublin Bus trips, 132 new/changed stop delays, 13 new/changed trips
2026-09-23 07:29:24,273 INFO poll ok: 1067 Dublin Bus trips, 144 new/changed stop delays, 20 new/changed trips
2026-09-23 07:30:27,557 INFO poll ok: 1136 Dublin Bus trips, 1357 new/changed stop delays, 75 new/changed trips
2026-09-23 07:31:35,576 INFO poll ok: 1131 Dublin Bus trips, 142 new/changed stop delays, 8 new/changed trips
2026-09-23 07:32:31,134 INFO poll ok: 1131 Dublin Bus trips, 112 new/changed stop delays, 10 new/changed trips
2026-09-23 07:33:32,586 INFO poll ok: 1131 Dublin Bus trips, 104 new/changed stop delays, 22 new/changed trips
2026-09-23 07:34:36,655 INFO poll ok: 1131 Dublin Bus trips, 170 new/changed stop delays, 20 new/changed trips
2026-09-23 07:35:35,496 INFO poll ok: 1132 Dublin Bus trips, 137 new/changed stop delays, 23 new/changed trips
2026-09-23 07:36:41,735 INFO poll ok: 1132 Dublin Bus trips, 124 new/changed stop delays, 13 new/changed trips
2026-09-23 07:37:42,565 INFO poll ok: 1134 Dublin Bus trips, 167 new/changed stop delays, 7 new/changed trips
2026-09-23 07:38:43,766 INFO poll ok: 1136 Dublin Bus trips, 129 new/changed stop delays, 5 new/changed trips
2026-09-23 07:39:45,284 INFO poll ok: 1135 Dublin Bus trips, 117 new/changed stop delays, 19 new/changed trips
2026-09-23 07:40:50,433 INFO poll ok: 1150 Dublin Bus trips, 413 new/changed stop delays, 33 new/changed trips
2026-09-23 07:41:48,600 INFO poll ok: 1149 Dublin Bus trips, 79 new/changed stop delays, 11 new/changed trips
2026-09-23 07:42:56,602 INFO poll ok: 1152 Dublin Bus trips, 128 new/changed stop delays, 11 new/changed trips
2026-09-23 07:43:53,448 INFO poll ok: 1156 Dublin Bus trips, 136 new/changed stop delays, 23 new/changed trips
2026-09-23 07:44:55,001 INFO poll ok: 1155 Dublin Bus trips, 117 new/changed stop delays, 13 new/changed trips
2026-09-23 07:45:58,026 INFO poll ok: 994 Dublin Bus trips, 859 new/changed stop delays, 51 new/changed trips
2026-09-23 07:47:06,770 INFO poll ok: 995 Dublin Bus trips, 116 new/changed stop delays, 5 new/changed trips
2026-09-23 07:48:00,147 INFO poll ok: 993 Dublin Bus trips, 95 new/changed stop delays, 9 new/changed trips
2026-09-23 07:49:00,444 INFO poll ok: 995 Dublin Bus trips, 105 new/changed stop delays, 21 new/changed trips
2026-09-23 07:50:04,500 INFO poll ok: 995 Dublin Bus trips, 140 new/changed stop delays, 6 new/changed trips
2026-09-23 07:51:08,541 INFO poll ok: 1011 Dublin Bus trips, 351 new/changed stop delays, 26 new/changed trips
2026-09-23 07:52:22,123 INFO poll ok: 1010 Dublin Bus trips, 111 new/changed stop delays, 9 new/changed trips
2026-09-23 07:53:09,768 INFO poll ok: 1013 Dublin Bus trips, 130 new/changed stop delays, 16 new/changed trips
2026-09-23 07:54:12,501 INFO poll ok: 1016 Dublin Bus trips, 161 new/changed stop delays, 27 new/changed trips
2026-09-23 07:55:12,909 INFO poll ok: 1016 Dublin Bus trips, 94 new/changed stop delays, 10 new/changed trips
2026-09-23 07:56:15,551 INFO poll ok: 1020 Dublin Bus trips, 207 new/changed stop delays, 33 new/changed trips
2026-09-23 07:57:20,111 INFO poll ok: 1023 Dublin Bus trips, 128 new/changed stop delays, 8 new/changed trips
2026-09-23 07:58:37,649 INFO poll ok: 1023 Dublin Bus trips, 105 new/changed stop delays, 8 new/changed trips
2026-09-23 07:59:22,526 INFO poll ok: 1024 Dublin Bus trips, 105 new/changed stop delays, 17 new/changed trips
2026-09-23 08:00:25,248 INFO poll ok: 1089 Dublin Bus trips, 1373 new/changed stop delays, 80 new/changed trips
2026-09-23 08:01:25,707 INFO poll ok: 1085 Dublin Bus trips, 130 new/changed stop delays, 10 new/changed trips
2026-09-23 08:02:29,937 INFO poll ok: 1088 Dublin Bus trips, 135 new/changed stop delays, 25 new/changed trips
2026-09-23 08:03:30,580 INFO poll ok: 1090 Dublin Bus trips, 141 new/changed stop delays, 16 new/changed trips
2026-09-23 08:04:33,222 INFO poll ok: 1091 Dublin Bus trips, 99 new/changed stop delays, 8 new/changed trips
2026-09-23 08:05:35,734 INFO poll ok: 1093 Dublin Bus trips, 117 new/changed stop delays, 21 new/changed trips
2026-09-23 08:06:37,127 INFO poll ok: 1095 Dublin Bus trips, 107 new/changed stop delays, 8 new/changed trips
2026-09-23 08:07:41,229 INFO poll ok: 1094 Dublin Bus trips, 169 new/changed stop delays, 13 new/changed trips
2026-09-23 08:08:41,220 INFO poll ok: 1094 Dublin Bus trips, 95 new/changed stop delays, 1 new/changed trips
2026-09-23 08:09:44,678 INFO poll ok: 1099 Dublin Bus trips, 138 new/changed stop delays, 18 new/changed trips
2026-09-23 08:10:45,451 INFO poll ok: 1111 Dublin Bus trips, 407 new/changed stop delays, 42 new/changed trips
2026-09-23 08:11:46,179 INFO poll ok: 1110 Dublin Bus trips, 63 new/changed stop delays, 3 new/changed trips
2026-09-23 08:13:13,236 INFO poll ok: 1110 Dublin Bus trips, 128 new/changed stop delays, 14 new/changed trips
2026-09-23 08:13:49,962 INFO poll ok: 1112 Dublin Bus trips, 116 new/changed stop delays, 14 new/changed trips
2026-09-23 08:14:52,643 INFO poll ok: 1117 Dublin Bus trips, 139 new/changed stop delays, 23 new/changed trips
2026-09-23 08:15:54,453 INFO poll ok: 944 Dublin Bus trips, 867 new/changed stop delays, 40 new/changed trips
2026-09-23 08:16:57,663 INFO poll ok: 942 Dublin Bus trips, 132 new/changed stop delays, 10 new/changed trips
2026-09-23 08:17:56,908 INFO poll ok: 940 Dublin Bus trips, 84 new/changed stop delays, 14 new/changed trips
2026-09-23 08:18:59,755 INFO poll ok: 941 Dublin Bus trips, 92 new/changed stop delays, 6 new/changed trips
2026-09-23 08:20:02,655 INFO poll ok: 939 Dublin Bus trips, 167 new/changed stop delays, 17 new/changed trips
2026-09-23 08:21:15,522 INFO poll ok: 959 Dublin Bus trips, 441 new/changed stop delays, 22 new/changed trips
2026-09-23 08:22:07,449 INFO poll ok: 958 Dublin Bus trips, 142 new/changed stop delays, 11 new/changed trips
2026-09-23 08:23:23,155 INFO poll ok: 961 Dublin Bus trips, 126 new/changed stop delays, 11 new/changed trips
2026-09-23 08:24:10,392 INFO poll ok: 960 Dublin Bus trips, 59 new/changed stop delays, 13 new/changed trips
2026-09-23 08:25:12,933 INFO poll ok: 968 Dublin Bus trips, 298 new/changed stop delays, 18 new/changed trips
2026-09-23 08:26:14,823 INFO poll ok: 969 Dublin Bus trips, 67 new/changed stop delays, 31 new/changed trips
2026-09-23 08:27:15,758 INFO poll ok: 968 Dublin Bus trips, 183 new/changed stop delays, 14 new/changed trips
2026-09-23 08:28:18,200 INFO poll ok: 970 Dublin Bus trips, 140 new/changed stop delays, 9 new/changed trips
2026-09-23 08:29:20,788 INFO poll ok: 971 Dublin Bus trips, 78 new/changed stop delays, 21 new/changed trips
2026-09-23 08:30:26,354 INFO poll ok: 1032 Dublin Bus trips, 1276 new/changed stop delays, 68 new/changed trips
2026-09-23 08:31:24,825 INFO poll ok: 1033 Dublin Bus trips, 119 new/changed stop delays, 21 new/changed trips
2026-09-23 08:32:27,296 INFO poll ok: 1030 Dublin Bus trips, 118 new/changed stop delays, 22 new/changed trips
2026-09-23 08:33:29,426 INFO poll ok: 1030 Dublin Bus trips, 61 new/changed stop delays, 12 new/changed trips
2026-09-23 08:34:35,639 INFO poll ok: 1036 Dublin Bus trips, 168 new/changed stop delays, 31 new/changed trips
2026-09-23 08:35:33,068 INFO poll ok: 1039 Dublin Bus trips, 106 new/changed stop delays, 13 new/changed trips
2026-09-23 08:36:34,888 INFO poll ok: 1044 Dublin Bus trips, 149 new/changed stop delays, 11 new/changed trips
2026-09-23 08:37:38,545 INFO poll ok: 1046 Dublin Bus trips, 123 new/changed stop delays, 8 new/changed trips
2026-09-23 08:38:37,930 INFO poll ok: 1048 Dublin Bus trips, 69 new/changed stop delays, 10 new/changed trips
2026-09-23 08:39:42,233 INFO poll ok: 1047 Dublin Bus trips, 169 new/changed stop delays, 22 new/changed trips
2026-09-23 08:40:43,030 INFO poll ok: 1058 Dublin Bus trips, 269 new/changed stop delays, 25 new/changed trips
2026-09-23 08:41:44,840 INFO poll ok: 1059 Dublin Bus trips, 97 new/changed stop delays, 17 new/changed trips
2026-09-23 08:42:46,109 INFO poll ok: 1062 Dublin Bus trips, 124 new/changed stop delays, 9 new/changed trips
2026-09-23 08:43:47,946 INFO poll ok: 1062 Dublin Bus trips, 125 new/changed stop delays, 12 new/changed trips
2026-09-23 08:44:50,203 INFO poll ok: 1062 Dublin Bus trips, 67 new/changed stop delays, 17 new/changed trips
2026-09-23 08:45:52,276 INFO poll ok: 899 Dublin Bus trips, 814 new/changed stop delays, 41 new/changed trips
2026-09-23 08:46:53,065 INFO poll ok: 896 Dublin Bus trips, 174 new/changed stop delays, 7 new/changed trips
2026-09-23 08:47:56,386 INFO poll ok: 896 Dublin Bus trips, 68 new/changed stop delays, 4 new/changed trips
2026-09-23 08:48:57,871 INFO poll ok: 901 Dublin Bus trips, 158 new/changed stop delays, 21 new/changed trips
2026-09-23 08:50:01,666 INFO poll ok: 902 Dublin Bus trips, 83 new/changed stop delays, 17 new/changed trips
2026-09-23 08:51:02,773 INFO poll ok: 917 Dublin Bus trips, 333 new/changed stop delays, 19 new/changed trips
2026-09-23 08:52:04,714 INFO poll ok: 914 Dublin Bus trips, 87 new/changed stop delays, 5 new/changed trips
2026-09-23 08:53:05,942 INFO poll ok: 918 Dublin Bus trips, 133 new/changed stop delays, 13 new/changed trips
2026-09-23 08:54:08,383 INFO poll ok: 919 Dublin Bus trips, 92 new/changed stop delays, 13 new/changed trips
2026-09-23 08:55:11,285 INFO poll ok: 919 Dublin Bus trips, 69 new/changed stop delays, 13 new/changed trips
2026-09-23 08:56:12,315 INFO poll ok: 922 Dublin Bus trips, 178 new/changed stop delays, 55 new/changed trips
2026-09-23 08:57:14,780 INFO poll ok: 922 Dublin Bus trips, 71 new/changed stop delays, 10 new/changed trips
2026-09-23 08:58:17,105 INFO poll ok: 924 Dublin Bus trips, 95 new/changed stop delays, 8 new/changed trips
2026-09-23 08:59:18,685 INFO poll ok: 925 Dublin Bus trips, 40 new/changed stop delays, 15 new/changed trips
2026-09-23 09:00:35,224 INFO poll ok: 980 Dublin Bus trips, 1094 new/changed stop delays, 67 new/changed trips
2026-09-23 09:01:24,886 INFO poll ok: 977 Dublin Bus trips, 121 new/changed stop delays, 7 new/changed trips
2026-09-23 09:02:26,506 INFO poll ok: 979 Dublin Bus trips, 108 new/changed stop delays, 13 new/changed trips
2026-09-23 09:03:26,111 INFO poll ok: 982 Dublin Bus trips, 84 new/changed stop delays, 9 new/changed trips
2026-09-23 09:04:28,848 INFO poll ok: 982 Dublin Bus trips, 83 new/changed stop delays, 13 new/changed trips
2026-09-23 09:05:30,098 INFO poll ok: 984 Dublin Bus trips, 116 new/changed stop delays, 10 new/changed trips
2026-09-23 09:06:32,795 INFO poll ok: 983 Dublin Bus trips, 87 new/changed stop delays, 15 new/changed trips
2026-09-23 09:07:37,496 INFO poll ok: 984 Dublin Bus trips, 92 new/changed stop delays, 8 new/changed trips
2026-09-23 09:08:38,217 INFO poll ok: 982 Dublin Bus trips, 46 new/changed stop delays, 2 new/changed trips
2026-09-23 09:09:48,752 INFO poll ok: 982 Dublin Bus trips, 133 new/changed stop delays, 21 new/changed trips
2026-09-23 09:10:39,751 INFO poll ok: 995 Dublin Bus trips, 302 new/changed stop delays, 36 new/changed trips
2026-09-23 09:11:44,436 INFO poll ok: 994 Dublin Bus trips, 145 new/changed stop delays, 21 new/changed trips
2026-09-23 09:12:45,176 INFO poll ok: 995 Dublin Bus trips, 119 new/changed stop delays, 9 new/changed trips
2026-09-23 09:13:48,314 INFO poll ok: 995 Dublin Bus trips, 183 new/changed stop delays, 11 new/changed trips
2026-09-23 09:14:48,891 INFO poll ok: 994 Dublin Bus trips, 72 new/changed stop delays, 19 new/changed trips
2026-09-23 09:15:49,682 INFO poll ok: 834 Dublin Bus trips, 777 new/changed stop delays, 41 new/changed trips
2026-09-23 09:16:52,333 INFO poll ok: 838 Dublin Bus trips, 134 new/changed stop delays, 12 new/changed trips
2026-09-23 09:17:54,544 INFO poll ok: 837 Dublin Bus trips, 90 new/changed stop delays, 10 new/changed trips
2026-09-23 09:18:55,562 INFO poll ok: 835 Dublin Bus trips, 72 new/changed stop delays, 6 new/changed trips
2026-09-23 09:19:59,433 INFO poll ok: 836 Dublin Bus trips, 85 new/changed stop delays, 19 new/changed trips
2026-09-23 09:21:02,147 INFO poll ok: 844 Dublin Bus trips, 182 new/changed stop delays, 21 new/changed trips
2026-09-23 09:22:03,945 INFO poll ok: 845 Dublin Bus trips, 84 new/changed stop delays, 8 new/changed trips
2026-09-23 09:23:03,904 INFO poll ok: 843 Dublin Bus trips, 61 new/changed stop delays, 6 new/changed trips
2026-09-23 09:24:06,368 INFO poll ok: 845 Dublin Bus trips, 102 new/changed stop delays, 7 new/changed trips
2026-09-23 09:25:08,695 INFO poll ok: 845 Dublin Bus trips, 67 new/changed stop delays, 15 new/changed trips
2026-09-23 09:26:09,165 INFO poll ok: 846 Dublin Bus trips, 149 new/changed stop delays, 37 new/changed trips
2026-09-23 09:27:12,773 INFO poll ok: 845 Dublin Bus trips, 50 new/changed stop delays, 5 new/changed trips
2026-09-23 09:28:12,972 INFO poll ok: 847 Dublin Bus trips, 90 new/changed stop delays, 9 new/changed trips
2026-09-23 09:29:16,515 INFO poll ok: 846 Dublin Bus trips, 54 new/changed stop delays, 15 new/changed trips
2026-09-23 09:30:17,667 INFO poll ok: 887 Dublin Bus trips, 783 new/changed stop delays, 58 new/changed trips
2026-09-23 09:31:20,234 INFO poll ok: 909 Dublin Bus trips, 653 new/changed stop delays, 42 new/changed trips
2026-09-23 09:32:21,943 INFO poll ok: 912 Dublin Bus trips, 96 new/changed stop delays, 18 new/changed trips
2026-09-23 09:33:27,384 INFO poll ok: 914 Dublin Bus trips, 76 new/changed stop delays, 15 new/changed trips
2026-09-23 09:34:27,743 INFO poll ok: 913 Dublin Bus trips, 70 new/changed stop delays, 13 new/changed trips
2026-09-23 09:35:28,590 INFO poll ok: 914 Dublin Bus trips, 111 new/changed stop delays, 14 new/changed trips
2026-09-23 09:36:32,552 INFO poll ok: 916 Dublin Bus trips, 75 new/changed stop delays, 3 new/changed trips
2026-09-23 09:37:45,927 INFO poll ok: 919 Dublin Bus trips, 133 new/changed stop delays, 8 new/changed trips
2026-09-23 09:38:35,522 INFO poll ok: 919 Dublin Bus trips, 67 new/changed stop delays, 6 new/changed trips
2026-09-23 09:39:37,125 INFO poll ok: 919 Dublin Bus trips, 69 new/changed stop delays, 14 new/changed trips
2026-09-23 09:40:37,873 INFO poll ok: 918 Dublin Bus trips, 99 new/changed stop delays, 21 new/changed trips
2026-09-23 09:41:39,716 INFO poll ok: 919 Dublin Bus trips, 63 new/changed stop delays, 13 new/changed trips
2026-09-23 09:42:42,813 INFO poll ok: 922 Dublin Bus trips, 124 new/changed stop delays, 14 new/changed trips
2026-09-23 09:43:44,741 INFO poll ok: 923 Dublin Bus trips, 64 new/changed stop delays, 17 new/changed trips
2026-09-23 09:44:47,938 INFO poll ok: 922 Dublin Bus trips, 39 new/changed stop delays, 10 new/changed trips
2026-09-23 09:45:47,226 INFO poll ok: 747 Dublin Bus trips, 372 new/changed stop delays, 17 new/changed trips
2026-09-23 09:46:49,587 INFO poll ok: 745 Dublin Bus trips, 52 new/changed stop delays, 7 new/changed trips
2026-09-23 09:47:53,454 INFO poll ok: 745 Dublin Bus trips, 49 new/changed stop delays, 8 new/changed trips
2026-09-23 09:48:56,704 INFO poll ok: 747 Dublin Bus trips, 66 new/changed stop delays, 13 new/changed trips
2026-09-23 09:49:55,399 INFO poll ok: 748 Dublin Bus trips, 75 new/changed stop delays, 12 new/changed trips
2026-09-23 09:50:57,746 INFO poll ok: 747 Dublin Bus trips, 63 new/changed stop delays, 8 new/changed trips
2026-09-23 09:52:01,015 INFO poll ok: 749 Dublin Bus trips, 107 new/changed stop delays, 6 new/changed trips
2026-09-23 09:53:12,227 INFO poll ok: 749 Dublin Bus trips, 50 new/changed stop delays, 4 new/changed trips
2026-09-23 09:54:05,195 INFO poll ok: 749 Dublin Bus trips, 60 new/changed stop delays, 4 new/changed trips
2026-09-23 09:55:05,776 INFO poll ok: 750 Dublin Bus trips, 79 new/changed stop delays, 19 new/changed trips
2026-09-23 09:56:08,994 INFO poll ok: 751 Dublin Bus trips, 63 new/changed stop delays, 26 new/changed trips
2026-09-23 09:57:10,321 INFO poll ok: 748 Dublin Bus trips, 46 new/changed stop delays, 2 new/changed trips
2026-09-23 09:58:12,790 INFO poll ok: 748 Dublin Bus trips, 70 new/changed stop delays, 11 new/changed trips
2026-09-23 09:59:13,913 INFO poll ok: 748 Dublin Bus trips, 60 new/changed stop delays, 4 new/changed trips
2026-09-23 10:00:15,961 INFO poll ok: 754 Dublin Bus trips, 223 new/changed stop delays, 25 new/changed trips
2026-09-23 10:01:16,908 INFO poll ok: 753 Dublin Bus trips, 54 new/changed stop delays, 9 new/changed trips
2026-09-23 10:02:20,835 INFO poll ok: 751 Dublin Bus trips, 74 new/changed stop delays, 10 new/changed trips
2026-09-23 10:03:23,765 INFO poll ok: 753 Dublin Bus trips, 87 new/changed stop delays, 11 new/changed trips
2026-09-23 10:04:24,386 INFO poll ok: 752 Dublin Bus trips, 46 new/changed stop delays, 12 new/changed trips
2026-09-23 10:05:27,391 INFO poll ok: 756 Dublin Bus trips, 174 new/changed stop delays, 21 new/changed trips
2026-09-23 10:06:27,586 INFO poll ok: 756 Dublin Bus trips, 85 new/changed stop delays, 11 new/changed trips
2026-09-23 10:07:29,792 INFO poll ok: 755 Dublin Bus trips, 93 new/changed stop delays, 5 new/changed trips
2026-09-23 10:08:31,891 INFO poll ok: 755 Dublin Bus trips, 92 new/changed stop delays, 5 new/changed trips
2026-09-23 10:09:33,476 INFO poll ok: 755 Dublin Bus trips, 51 new/changed stop delays, 11 new/changed trips
2026-09-23 10:10:34,937 INFO poll ok: 756 Dublin Bus trips, 75 new/changed stop delays, 14 new/changed trips
2026-09-23 10:11:40,562 INFO poll ok: 756 Dublin Bus trips, 49 new/changed stop delays, 10 new/changed trips
2026-09-23 10:12:40,133 INFO poll ok: 758 Dublin Bus trips, 74 new/changed stop delays, 10 new/changed trips
2026-09-23 10:13:41,801 INFO poll ok: 758 Dublin Bus trips, 83 new/changed stop delays, 8 new/changed trips
2026-09-23 10:14:44,401 INFO poll ok: 757 Dublin Bus trips, 47 new/changed stop delays, 26 new/changed trips
2026-09-23 10:15:47,088 INFO poll ok: 579 Dublin Bus trips, 231 new/changed stop delays, 8 new/changed trips
2026-09-23 10:16:47,938 INFO poll ok: 579 Dublin Bus trips, 72 new/changed stop delays, 5 new/changed trips
2026-09-23 10:17:48,927 INFO poll ok: 583 Dublin Bus trips, 83 new/changed stop delays, 6 new/changed trips
2026-09-23 10:18:53,355 INFO poll ok: 583 Dublin Bus trips, 54 new/changed stop delays, 10 new/changed trips
2026-09-23 10:19:53,417 INFO poll ok: 583 Dublin Bus trips, 46 new/changed stop delays, 10 new/changed trips
2026-09-23 10:20:55,537 INFO poll ok: 583 Dublin Bus trips, 48 new/changed stop delays, 6 new/changed trips
2026-09-23 10:22:05,402 INFO poll ok: 583 Dublin Bus trips, 76 new/changed stop delays, 1 new/changed trips
2026-09-23 10:22:59,987 INFO poll ok: 582 Dublin Bus trips, 58 new/changed stop delays, 3 new/changed trips
2026-09-23 10:24:01,204 INFO poll ok: 583 Dublin Bus trips, 52 new/changed stop delays, 7 new/changed trips
2026-09-23 10:25:03,726 INFO poll ok: 582 Dublin Bus trips, 46 new/changed stop delays, 18 new/changed trips
2026-09-23 10:26:12,548 INFO poll ok: 581 Dublin Bus trips, 59 new/changed stop delays, 33 new/changed trips
2026-09-23 10:27:07,266 INFO poll ok: 580 Dublin Bus trips, 54 new/changed stop delays, 9 new/changed trips
2026-09-23 10:28:08,882 INFO poll ok: 580 Dublin Bus trips, 44 new/changed stop delays, 3 new/changed trips
2026-09-23 10:29:10,873 INFO poll ok: 580 Dublin Bus trips, 48 new/changed stop delays, 4 new/changed trips
2026-09-23 10:30:13,138 INFO poll ok: 581 Dublin Bus trips, 60 new/changed stop delays, 22 new/changed trips
2026-09-23 10:31:15,435 INFO poll ok: 585 Dublin Bus trips, 240 new/changed stop delays, 17 new/changed trips
2026-09-23 10:32:17,575 INFO poll ok: 585 Dublin Bus trips, 48 new/changed stop delays, 22 new/changed trips
2026-09-23 10:33:19,297 INFO poll ok: 586 Dublin Bus trips, 76 new/changed stop delays, 9 new/changed trips
2026-09-23 10:34:21,194 INFO poll ok: 587 Dublin Bus trips, 78 new/changed stop delays, 4 new/changed trips
2026-09-23 10:35:23,410 INFO poll ok: 589 Dublin Bus trips, 98 new/changed stop delays, 29 new/changed trips
2026-09-23 10:36:25,258 INFO poll ok: 590 Dublin Bus trips, 53 new/changed stop delays, 2 new/changed trips
2026-09-23 10:37:30,361 INFO poll ok: 587 Dublin Bus trips, 41 new/changed stop delays, 2 new/changed trips
2026-09-23 10:38:32,836 INFO poll ok: 587 Dublin Bus trips, 36 new/changed stop delays, 0 new/changed trips
2026-09-23 10:39:31,480 INFO poll ok: 587 Dublin Bus trips, 49 new/changed stop delays, 6 new/changed trips
2026-09-23 10:40:33,011 INFO poll ok: 586 Dublin Bus trips, 42 new/changed stop delays, 20 new/changed trips
2026-09-23 10:41:36,051 INFO poll ok: 586 Dublin Bus trips, 57 new/changed stop delays, 3 new/changed trips
2026-09-23 10:42:53,833 INFO poll ok: 586 Dublin Bus trips, 31 new/changed stop delays, 0 new/changed trips
2026-09-23 10:43:39,352 INFO poll ok: 588 Dublin Bus trips, 62 new/changed stop delays, 2 new/changed trips
2026-09-23 10:44:41,076 INFO poll ok: 588 Dublin Bus trips, 34 new/changed stop delays, 3 new/changed trips
2026-09-23 10:45:42,364 INFO poll ok: 425 Dublin Bus trips, 239 new/changed stop delays, 20 new/changed trips
2026-09-23 10:46:44,796 INFO poll ok: 425 Dublin Bus trips, 28 new/changed stop delays, 4 new/changed trips
2026-09-23 10:47:46,860 INFO poll ok: 425 Dublin Bus trips, 29 new/changed stop delays, 0 new/changed trips
2026-09-23 10:48:49,917 INFO poll ok: 423 Dublin Bus trips, 39 new/changed stop delays, 3 new/changed trips
2026-09-23 10:49:51,434 INFO poll ok: 422 Dublin Bus trips, 45 new/changed stop delays, 22 new/changed trips
2026-09-23 10:50:57,696 INFO poll ok: 422 Dublin Bus trips, 52 new/changed stop delays, 1 new/changed trips
2026-09-23 10:51:55,307 INFO poll ok: 422 Dublin Bus trips, 45 new/changed stop delays, 0 new/changed trips
2026-09-23 10:52:57,975 INFO poll ok: 421 Dublin Bus trips, 49 new/changed stop delays, 0 new/changed trips
2026-09-23 10:53:58,418 INFO poll ok: 423 Dublin Bus trips, 65 new/changed stop delays, 3 new/changed trips
2026-09-23 10:55:00,611 INFO poll ok: 423 Dublin Bus trips, 25 new/changed stop delays, 22 new/changed trips
2026-09-23 10:56:02,392 INFO poll ok: 425 Dublin Bus trips, 39 new/changed stop delays, 3 new/changed trips
2026-09-23 10:57:04,884 INFO poll ok: 425 Dublin Bus trips, 37 new/changed stop delays, 2 new/changed trips
2026-09-23 10:58:07,550 INFO poll ok: 425 Dublin Bus trips, 24 new/changed stop delays, 0 new/changed trips
2026-09-23 10:59:18,334 INFO poll ok: 426 Dublin Bus trips, 49 new/changed stop delays, 3 new/changed trips
2026-09-23 11:00:10,785 INFO poll ok: 431 Dublin Bus trips, 178 new/changed stop delays, 35 new/changed trips
2026-09-23 11:01:12,418 INFO poll ok: 431 Dublin Bus trips, 42 new/changed stop delays, 3 new/changed trips
2026-09-23 11:02:14,677 INFO poll ok: 432 Dublin Bus trips, 55 new/changed stop delays, 1 new/changed trips
2026-09-23 11:03:17,094 INFO poll ok: 431 Dublin Bus trips, 58 new/changed stop delays, 4 new/changed trips
2026-09-23 11:04:18,562 INFO poll ok: 431 Dublin Bus trips, 36 new/changed stop delays, 3 new/changed trips
2026-09-23 11:05:20,609 INFO poll ok: 431 Dublin Bus trips, 62 new/changed stop delays, 19 new/changed trips
2026-09-23 11:06:22,381 INFO poll ok: 430 Dublin Bus trips, 28 new/changed stop delays, 2 new/changed trips
2026-09-23 11:07:25,446 INFO poll ok: 430 Dublin Bus trips, 28 new/changed stop delays, 1 new/changed trips
2026-09-23 11:08:27,343 INFO poll ok: 430 Dublin Bus trips, 20 new/changed stop delays, 2 new/changed trips
2026-09-23 11:09:29,175 INFO poll ok: 431 Dublin Bus trips, 57 new/changed stop delays, 3 new/changed trips
2026-09-23 11:10:30,844 INFO poll ok: 429 Dublin Bus trips, 21 new/changed stop delays, 26 new/changed trips
2026-09-23 11:11:33,052 INFO poll ok: 429 Dublin Bus trips, 17 new/changed stop delays, 0 new/changed trips
2026-09-23 11:12:35,293 INFO poll ok: 428 Dublin Bus trips, 17 new/changed stop delays, 0 new/changed trips
2026-09-23 11:13:36,648 INFO poll ok: 428 Dublin Bus trips, 31 new/changed stop delays, 0 new/changed trips
2026-09-23 11:14:38,977 INFO poll ok: 428 Dublin Bus trips, 21 new/changed stop delays, 0 new/changed trips
2026-09-23 11:15:40,417 INFO poll ok: 429 Dublin Bus trips, 32 new/changed stop delays, 31 new/changed trips
2026-09-23 11:16:42,628 INFO poll ok: 271 Dublin Bus trips, 174 new/changed stop delays, 1 new/changed trips
2026-09-23 11:17:44,720 INFO poll ok: 271 Dublin Bus trips, 11 new/changed stop delays, 0 new/changed trips
2026-09-23 11:18:46,731 INFO poll ok: 272 Dublin Bus trips, 34 new/changed stop delays, 1 new/changed trips
2026-09-23 11:19:48,909 INFO poll ok: 271 Dublin Bus trips, 17 new/changed stop delays, 0 new/changed trips
2026-09-23 11:20:51,084 INFO poll ok: 271 Dublin Bus trips, 35 new/changed stop delays, 18 new/changed trips
2026-09-23 11:21:52,932 INFO poll ok: 273 Dublin Bus trips, 47 new/changed stop delays, 4 new/changed trips
2026-09-23 11:22:55,157 INFO poll ok: 273 Dublin Bus trips, 15 new/changed stop delays, 0 new/changed trips
2026-09-23 11:23:57,103 INFO poll ok: 270 Dublin Bus trips, 20 new/changed stop delays, 0 new/changed trips
2026-09-23 11:24:59,208 INFO poll ok: 270 Dublin Bus trips, 41 new/changed stop delays, 20 new/changed trips
2026-09-23 11:26:01,200 INFO poll ok: 271 Dublin Bus trips, 27 new/changed stop delays, 3 new/changed trips
2026-09-23 11:27:03,104 INFO poll ok: 271 Dublin Bus trips, 11 new/changed stop delays, 4 new/changed trips
2026-09-23 11:28:04,498 INFO poll ok: 271 Dublin Bus trips, 11 new/changed stop delays, 2 new/changed trips
2026-09-23 11:29:07,033 INFO poll ok: 269 Dublin Bus trips, 12 new/changed stop delays, 3 new/changed trips
2026-09-23 11:30:08,986 INFO poll ok: 269 Dublin Bus trips, 16 new/changed stop delays, 15 new/changed trips
2026-09-23 11:31:10,799 INFO poll ok: 278 Dublin Bus trips, 200 new/changed stop delays, 11 new/changed trips
2026-09-23 11:32:12,803 INFO poll ok: 279 Dublin Bus trips, 28 new/changed stop delays, 1 new/changed trips
2026-09-23 11:33:14,822 INFO poll ok: 279 Dublin Bus trips, 7 new/changed stop delays, 0 new/changed trips
2026-09-23 11:34:16,911 INFO poll ok: 280 Dublin Bus trips, 27 new/changed stop delays, 1 new/changed trips
2026-09-23 11:35:18,959 INFO poll ok: 280 Dublin Bus trips, 40 new/changed stop delays, 19 new/changed trips
2026-09-23 11:36:21,146 INFO poll ok: 280 Dublin Bus trips, 6 new/changed stop delays, 0 new/changed trips
2026-09-23 11:37:23,262 INFO poll ok: 280 Dublin Bus trips, 11 new/changed stop delays, 2 new/changed trips
2026-09-23 11:38:25,409 INFO poll ok: 278 Dublin Bus trips, 7 new/changed stop delays, 1 new/changed trips
2026-09-23 11:39:27,134 INFO poll ok: 279 Dublin Bus trips, 22 new/changed stop delays, 0 new/changed trips
2026-09-23 11:40:29,403 INFO poll ok: 279 Dublin Bus trips, 5 new/changed stop delays, 17 new/changed trips
2026-09-23 11:41:31,141 INFO poll ok: 279 Dublin Bus trips, 7 new/changed stop delays, 2 new/changed trips
2026-09-23 11:42:33,448 INFO poll ok: 279 Dublin Bus trips, 11 new/changed stop delays, 0 new/changed trips
2026-09-23 11:43:35,129 INFO poll ok: 281 Dublin Bus trips, 55 new/changed stop delays, 3 new/changed trips
2026-09-23 11:44:37,152 INFO poll ok: 282 Dublin Bus trips, 12 new/changed stop delays, 2 new/changed trips
2026-09-23 11:45:38,433 INFO poll ok: 283 Dublin Bus trips, 65 new/changed stop delays, 11 new/changed trips
2026-09-23 11:46:43,205 INFO poll ok: 151 Dublin Bus trips, 67 new/changed stop delays, 0 new/changed trips
2026-09-23 11:47:44,146 INFO poll ok: 151 Dublin Bus trips, 9 new/changed stop delays, 3 new/changed trips
2026-09-23 11:48:47,763 INFO poll ok: 151 Dublin Bus trips, 13 new/changed stop delays, 1 new/changed trips
2026-09-23 11:49:48,676 INFO poll ok: 151 Dublin Bus trips, 5 new/changed stop delays, 0 new/changed trips
2026-09-23 11:50:49,550 INFO poll ok: 152 Dublin Bus trips, 34 new/changed stop delays, 13 new/changed trips
2026-09-23 11:51:50,643 INFO poll ok: 152 Dublin Bus trips, 8 new/changed stop delays, 1 new/changed trips
2026-09-23 11:52:52,503 INFO poll ok: 151 Dublin Bus trips, 7 new/changed stop delays, 0 new/changed trips
2026-09-23 11:53:56,582 INFO poll ok: 153 Dublin Bus trips, 74 new/changed stop delays, 2 new/changed trips
2026-09-23 11:54:58,323 INFO poll ok: 153 Dublin Bus trips, 10 new/changed stop delays, 0 new/changed trips
2026-09-23 11:56:00,591 INFO poll ok: 153 Dublin Bus trips, 20 new/changed stop delays, 10 new/changed trips
2026-09-23 11:57:03,780 INFO poll ok: 153 Dublin Bus trips, 6 new/changed stop delays, 0 new/changed trips
2026-09-23 11:58:04,684 INFO poll ok: 153 Dublin Bus trips, 5 new/changed stop delays, 0 new/changed trips
2026-09-23 11:59:07,478 INFO poll ok: 154 Dublin Bus trips, 16 new/changed stop delays, 4 new/changed trips
2026-09-23 12:00:06,422 INFO poll ok: 155 Dublin Bus trips, 26 new/changed stop delays, 4 new/changed trips
2026-09-23 12:01:08,227 INFO poll ok: 163 Dublin Bus trips, 159 new/changed stop delays, 9 new/changed trips
2026-09-23 12:02:12,867 INFO poll ok: 163 Dublin Bus trips, 12 new/changed stop delays, 0 new/changed trips
2026-09-23 12:03:12,629 INFO poll ok: 164 Dublin Bus trips, 36 new/changed stop delays, 1 new/changed trips
2026-09-23 12:04:14,469 INFO poll ok: 164 Dublin Bus trips, 8 new/changed stop delays, 1 new/changed trips
2026-09-23 12:05:20,452 INFO poll ok: 166 Dublin Bus trips, 41 new/changed stop delays, 7 new/changed trips
2026-09-23 12:06:20,892 INFO poll ok: 167 Dublin Bus trips, 38 new/changed stop delays, 4 new/changed trips
2026-09-23 12:07:22,830 INFO poll ok: 168 Dublin Bus trips, 33 new/changed stop delays, 2 new/changed trips
2026-09-23 12:08:24,632 INFO poll ok: 168 Dublin Bus trips, 3 new/changed stop delays, 0 new/changed trips
2026-09-23 12:09:26,922 INFO poll ok: 169 Dublin Bus trips, 32 new/changed stop delays, 3 new/changed trips
2026-09-23 12:10:29,270 INFO poll ok: 169 Dublin Bus trips, 4 new/changed stop delays, 2 new/changed trips
2026-09-23 12:11:31,223 INFO poll ok: 169 Dublin Bus trips, 4 new/changed stop delays, 0 new/changed trips
2026-09-23 12:12:33,004 INFO poll ok: 169 Dublin Bus trips, 4 new/changed stop delays, 0 new/changed trips
2026-09-23 12:13:33,729 INFO poll ok: 169 Dublin Bus trips, 8 new/changed stop delays, 0 new/changed trips
2026-09-23 12:14:34,422 INFO poll ok: 169 Dublin Bus trips, 9 new/changed stop delays, 0 new/changed trips
2026-09-23 12:15:36,359 INFO poll ok: 170 Dublin Bus trips, 16 new/changed stop delays, 7 new/changed trips
2026-09-23 12:16:41,304 INFO poll ok: 102 Dublin Bus trips, 30 new/changed stop delays, 0 new/changed trips
2026-09-23 12:17:40,662 INFO poll ok: 102 Dublin Bus trips, 4 new/changed stop delays, 0 new/changed trips
2026-09-23 12:18:42,405 INFO poll ok: 102 Dublin Bus trips, 26 new/changed stop delays, 2 new/changed trips
2026-09-23 12:19:44,641 INFO poll ok: 102 Dublin Bus trips, 3 new/changed stop delays, 4 new/changed trips
2026-09-23 12:20:47,863 INFO poll ok: 102 Dublin Bus trips, 6 new/changed stop delays, 1 new/changed trips
2026-09-23 12:21:50,489 INFO poll ok: 104 Dublin Bus trips, 40 new/changed stop delays, 2 new/changed trips
2026-09-23 12:22:50,337 INFO poll ok: 104 Dublin Bus trips, 5 new/changed stop delays, 0 new/changed trips
2026-09-23 12:23:53,200 INFO poll ok: 105 Dublin Bus trips, 25 new/changed stop delays, 1 new/changed trips
2026-09-23 12:24:57,613 INFO poll ok: 106 Dublin Bus trips, 27 new/changed stop delays, 1 new/changed trips
2026-09-23 12:25:56,425 INFO poll ok: 107 Dublin Bus trips, 16 new/changed stop delays, 6 new/changed trips
2026-09-23 12:26:58,371 INFO poll ok: 107 Dublin Bus trips, 5 new/changed stop delays, 0 new/changed trips
2026-09-23 12:28:02,550 INFO poll ok: 107 Dublin Bus trips, 9 new/changed stop delays, 0 new/changed trips
2026-09-23 12:29:04,580 INFO poll ok: 107 Dublin Bus trips, 6 new/changed stop delays, 2 new/changed trips
2026-09-23 12:30:06,412 INFO poll ok: 107 Dublin Bus trips, 4 new/changed stop delays, 3 new/changed trips
2026-09-23 12:31:06,654 INFO poll ok: 116 Dublin Bus trips, 190 new/changed stop delays, 12 new/changed trips
2026-09-23 12:32:08,385 INFO poll ok: 117 Dublin Bus trips, 8 new/changed stop delays, 1 new/changed trips
2026-09-23 12:33:12,570 INFO poll ok: 117 Dublin Bus trips, 5 new/changed stop delays, 6 new/changed trips
2026-09-23 12:34:15,142 INFO poll ok: 118 Dublin Bus trips, 28 new/changed stop delays, 5 new/changed trips
2026-09-23 12:35:17,405 INFO poll ok: 119 Dublin Bus trips, 31 new/changed stop delays, 2 new/changed trips
2026-09-23 12:36:18,810 INFO poll ok: 119 Dublin Bus trips, 9 new/changed stop delays, 1 new/changed trips
2026-09-23 12:37:20,335 INFO poll ok: 119 Dublin Bus trips, 21 new/changed stop delays, 0 new/changed trips
2026-09-23 12:38:22,814 INFO poll ok: 119 Dublin Bus trips, 3 new/changed stop delays, 0 new/changed trips
2026-09-23 12:39:24,425 INFO poll ok: 119 Dublin Bus trips, 5 new/changed stop delays, 2 new/changed trips
2026-09-23 12:40:24,677 INFO poll ok: 119 Dublin Bus trips, 3 new/changed stop delays, 1 new/changed trips
2026-09-23 12:41:26,430 INFO poll ok: 119 Dublin Bus trips, 5 new/changed stop delays, 2 new/changed trips
2026-09-23 12:42:30,893 INFO poll ok: 119 Dublin Bus trips, 5 new/changed stop delays, 1 new/changed trips
2026-09-23 12:43:32,568 INFO poll ok: 120 Dublin Bus trips, 27 new/changed stop delays, 1 new/changed trips
2026-09-23 12:44:34,815 INFO poll ok: 120 Dublin Bus trips, 4 new/changed stop delays, 0 new/changed trips
2026-09-23 12:45:36,955 INFO poll ok: 121 Dublin Bus trips, 64 new/changed stop delays, 3 new/changed trips
2026-09-23 12:46:38,371 INFO poll ok: 95 Dublin Bus trips, 27 new/changed stop delays, 0 new/changed trips
2026-09-23 12:47:40,048 INFO poll ok: 96 Dublin Bus trips, 48 new/changed stop delays, 3 new/changed trips
2026-09-23 12:48:42,132 INFO poll ok: 96 Dublin Bus trips, 10 new/changed stop delays, 4 new/changed trips
2026-09-23 12:49:44,451 INFO poll ok: 96 Dublin Bus trips, 5 new/changed stop delays, 0 new/changed trips
2026-09-23 12:50:46,162 INFO poll ok: 96 Dublin Bus trips, 19 new/changed stop delays, 5 new/changed trips
2026-09-23 12:51:48,411 INFO poll ok: 96 Dublin Bus trips, 7 new/changed stop delays, 0 new/changed trips
2026-09-23 12:52:50,423 INFO poll ok: 96 Dublin Bus trips, 10 new/changed stop delays, 0 new/changed trips
2026-09-23 12:53:52,464 INFO poll ok: 98 Dublin Bus trips, 50 new/changed stop delays, 2 new/changed trips
2026-09-23 12:54:54,986 INFO poll ok: 98 Dublin Bus trips, 6 new/changed stop delays, 0 new/changed trips
2026-09-23 12:55:56,413 INFO poll ok: 99 Dublin Bus trips, 16 new/changed stop delays, 7 new/changed trips
2026-09-23 12:56:59,759 INFO poll ok: 99 Dublin Bus trips, 5 new/changed stop delays, 2 new/changed trips
2026-09-23 12:58:00,693 INFO poll ok: 99 Dublin Bus trips, 3 new/changed stop delays, 0 new/changed trips
2026-09-23 12:59:02,159 INFO poll ok: 99 Dublin Bus trips, 7 new/changed stop delays, 0 new/changed trips
2026-09-23 13:00:04,258 INFO poll ok: 100 Dublin Bus trips, 25 new/changed stop delays, 2 new/changed trips
2026-09-23 13:01:04,612 INFO poll ok: 109 Dublin Bus trips, 170 new/changed stop delays, 10 new/changed trips
2026-09-23 13:02:07,124 INFO poll ok: 110 Dublin Bus trips, 14 new/changed stop delays, 6 new/changed trips
2026-09-23 13:03:09,107 INFO poll ok: 111 Dublin Bus trips, 34 new/changed stop delays, 1 new/changed trips
2026-09-23 13:04:12,279 INFO poll ok: 111 Dublin Bus trips, 5 new/changed stop delays, 2 new/changed trips
2026-09-23 13:05:17,050 INFO poll ok: 114 Dublin Bus trips, 44 new/changed stop delays, 5 new/changed trips
2026-09-23 13:06:16,426 INFO poll ok: 114 Dublin Bus trips, 4 new/changed stop delays, 1 new/changed trips
2026-09-23 13:07:19,456 INFO poll ok: 114 Dublin Bus trips, 10 new/changed stop delays, 1 new/changed trips
2026-09-23 13:08:20,212 INFO poll ok: 114 Dublin Bus trips, 9 new/changed stop delays, 5 new/changed trips
2026-09-23 13:09:21,996 INFO poll ok: 115 Dublin Bus trips, 36 new/changed stop delays, 3 new/changed trips
2026-09-23 13:10:23,103 INFO poll ok: 115 Dublin Bus trips, 5 new/changed stop delays, 2 new/changed trips
2026-09-23 13:11:24,527 INFO poll ok: 115 Dublin Bus trips, 2 new/changed stop delays, 1 new/changed trips
2026-09-23 13:12:28,665 INFO poll ok: 115 Dublin Bus trips, 5 new/changed stop delays, 0 new/changed trips
2026-09-23 13:13:30,167 INFO poll ok: 115 Dublin Bus trips, 6 new/changed stop delays, 0 new/changed trips
2026-09-23 13:14:32,561 INFO poll ok: 115 Dublin Bus trips, 5 new/changed stop delays, 0 new/changed trips
2026-09-23 13:15:32,641 INFO poll ok: 115 Dublin Bus trips, 17 new/changed stop delays, 2 new/changed trips
2026-09-23 13:16:36,321 INFO poll ok: 93 Dublin Bus trips, 24 new/changed stop delays, 0 new/changed trips
2026-09-23 13:17:38,377 INFO poll ok: 93 Dublin Bus trips, 9 new/changed stop delays, 0 new/changed trips
2026-09-23 13:18:39,790 INFO poll ok: 94 Dublin Bus trips, 28 new/changed stop delays, 2 new/changed trips
2026-09-23 13:19:40,571 INFO poll ok: 94 Dublin Bus trips, 5 new/changed stop delays, 0 new/changed trips
2026-09-23 13:20:44,423 INFO poll ok: 94 Dublin Bus trips, 3 new/changed stop delays, 1 new/changed trips
2026-09-23 13:21:46,443 INFO poll ok: 96 Dublin Bus trips, 39 new/changed stop delays, 2 new/changed trips
2026-09-23 13:22:48,235 INFO poll ok: 96 Dublin Bus trips, 7 new/changed stop delays, 2 new/changed trips
2026-09-23 13:23:49,841 INFO poll ok: 97 Dublin Bus trips, 23 new/changed stop delays, 0 new/changed trips
2026-09-23 13:24:50,705 INFO poll ok: 97 Dublin Bus trips, 26 new/changed stop delays, 3 new/changed trips
2026-09-23 13:25:54,352 INFO poll ok: 97 Dublin Bus trips, 17 new/changed stop delays, 7 new/changed trips
2026-09-23 13:26:54,612 INFO poll ok: 97 Dublin Bus trips, 9 new/changed stop delays, 0 new/changed trips
2026-09-23 13:27:56,638 INFO poll ok: 97 Dublin Bus trips, 7 new/changed stop delays, 0 new/changed trips
2026-09-23 13:29:01,194 INFO poll ok: 98 Dublin Bus trips, 8 new/changed stop delays, 1 new/changed trips
2026-09-23 13:30:03,283 INFO poll ok: 98 Dublin Bus trips, 10 new/changed stop delays, 4 new/changed trips
2026-09-23 13:31:02,645 INFO poll ok: 110 Dublin Bus trips, 239 new/changed stop delays, 18 new/changed trips
2026-09-23 13:32:05,052 INFO poll ok: 111 Dublin Bus trips, 34 new/changed stop delays, 1 new/changed trips
2026-09-23 13:33:07,375 INFO poll ok: 111 Dublin Bus trips, 5 new/changed stop delays, 0 new/changed trips
2026-09-23 13:34:09,977 INFO poll ok: 111 Dublin Bus trips, 7 new/changed stop delays, 0 new/changed trips
2026-09-23 13:35:10,769 INFO poll ok: 112 Dublin Bus trips, 41 new/changed stop delays, 1 new/changed trips
2026-09-23 13:36:15,414 INFO poll ok: 113 Dublin Bus trips, 28 new/changed stop delays, 4 new/changed trips
2026-09-23 13:37:15,997 INFO poll ok: 114 Dublin Bus trips, 31 new/changed stop delays, 1 new/changed trips
2026-09-23 13:38:16,818 INFO poll ok: 114 Dublin Bus trips, 3 new/changed stop delays, 1 new/changed trips
2026-09-23 13:39:20,430 INFO poll ok: 114 Dublin Bus trips, 6 new/changed stop delays, 0 new/changed trips
2026-09-23 13:40:22,118 INFO poll ok: 115 Dublin Bus trips, 36 new/changed stop delays, 2 new/changed trips
2026-09-23 13:41:25,294 INFO poll ok: 115 Dublin Bus trips, 8 new/changed stop delays, 0 new/changed trips
2026-09-23 13:42:24,993 INFO poll ok: 115 Dublin Bus trips, 5 new/changed stop delays, 0 new/changed trips
2026-09-23 13:43:26,826 INFO poll ok: 115 Dublin Bus trips, 2 new/changed stop delays, 2 new/changed trips
2026-09-23 13:44:28,733 INFO poll ok: 115 Dublin Bus trips, 6 new/changed stop delays, 0 new/changed trips
2026-09-23 13:45:32,475 INFO poll ok: 114 Dublin Bus trips, 5 new/changed stop delays, 4 new/changed trips
2026-09-23 13:46:32,744 INFO poll ok: 94 Dublin Bus trips, 45 new/changed stop delays, 1 new/changed trips
2026-09-23 13:47:36,391 INFO poll ok: 95 Dublin Bus trips, 4 new/changed stop delays, 0 new/changed trips
2026-09-23 13:48:38,050 INFO poll ok: 95 Dublin Bus trips, 6 new/changed stop delays, 4 new/changed trips
2026-09-23 13:49:38,744 INFO poll ok: 95 Dublin Bus trips, 2 new/changed stop delays, 2 new/changed trips
2026-09-23 13:50:42,033 INFO poll ok: 96 Dublin Bus trips, 31 new/changed stop delays, 5 new/changed trips
2026-09-23 13:51:44,469 INFO poll ok: 97 Dublin Bus trips, 19 new/changed stop delays, 1 new/changed trips
2026-09-23 13:52:46,812 INFO poll ok: 97 Dublin Bus trips, 8 new/changed stop delays, 0 new/changed trips
2026-09-23 13:53:46,866 INFO poll ok: 98 Dublin Bus trips, 26 new/changed stop delays, 1 new/changed trips
2026-09-23 13:54:49,426 INFO poll ok: 97 Dublin Bus trips, 10 new/changed stop delays, 0 new/changed trips
2026-09-23 13:55:52,327 INFO poll ok: 98 Dublin Bus trips, 16 new/changed stop delays, 12 new/changed trips
2026-09-23 13:56:52,773 INFO poll ok: 98 Dublin Bus trips, 4 new/changed stop delays, 2 new/changed trips
2026-09-23 13:57:57,176 INFO poll ok: 98 Dublin Bus trips, 2 new/changed stop delays, 0 new/changed trips
2026-09-23 13:58:57,380 INFO poll ok: 99 Dublin Bus trips, 26 new/changed stop delays, 1 new/changed trips
2026-09-23 13:59:58,943 INFO poll ok: 99 Dublin Bus trips, 1 new/changed stop delays, 1 new/changed trips
2026-09-23 14:01:01,651 INFO poll ok: 112 Dublin Bus trips, 228 new/changed stop delays, 14 new/changed trips
2026-09-23 14:02:04,036 INFO poll ok: 112 Dublin Bus trips, 0 new/changed stop delays, 0 new/changed trips
2026-09-23 14:03:06,573 INFO poll ok: 112 Dublin Bus trips, 0 new/changed stop delays, 2 new/changed trips
2026-09-23 14:04:06,916 INFO poll ok: 112 Dublin Bus trips, 22 new/changed stop delays, 5 new/changed trips
2026-09-23 14:05:11,096 INFO poll ok: 112 Dublin Bus trips, 3 new/changed stop delays, 0 new/changed trips
2026-09-23 14:06:12,765 INFO poll ok: 114 Dublin Bus trips, 38 new/changed stop delays, 3 new/changed trips
2026-09-23 14:07:14,853 INFO poll ok: 115 Dublin Bus trips, 27 new/changed stop delays, 1 new/changed trips
2026-09-23 14:08:16,365 INFO poll ok: 116 Dublin Bus trips, 41 new/changed stop delays, 3 new/changed trips
2026-09-23 14:09:17,297 INFO poll ok: 117 Dublin Bus trips, 4 new/changed stop delays, 3 new/changed trips
2026-09-23 14:10:18,849 INFO poll ok: 117 Dublin Bus trips, 0 new/changed stop delays, 0 new/changed trips
2026-09-23 14:11:22,311 INFO poll ok: 113 Dublin Bus trips, 11 new/changed stop delays, 2 new/changed trips
2026-09-23 14:12:23,012 INFO poll ok: 113 Dublin Bus trips, 8 new/changed stop delays, 0 new/changed trips
2026-09-23 14:13:27,253 INFO poll ok: 113 Dublin Bus trips, 5 new/changed stop delays, 0 new/changed trips
2026-09-23 14:14:29,609 INFO poll ok: 113 Dublin Bus trips, 8 new/changed stop delays, 0 new/changed trips
2026-09-23 14:15:30,421 INFO poll ok: 114 Dublin Bus trips, 29 new/changed stop delays, 2 new/changed trips
2026-09-23 14:16:31,763 INFO poll ok: 97 Dublin Bus trips, 17 new/changed stop delays, 0 new/changed trips
2026-09-23 14:17:34,383 INFO poll ok: 97 Dublin Bus trips, 0 new/changed stop delays, 0 new/changed trips
2026-09-23 14:18:35,398 INFO poll ok: 97 Dublin Bus trips, 0 new/changed stop delays, 0 new/changed trips
2026-09-23 14:19:36,755 INFO poll ok: 97 Dublin Bus trips, 217 new/changed stop delays, 9 new/changed trips
2026-09-23 14:20:40,374 INFO poll ok: 98 Dublin Bus trips, 107 new/changed stop delays, 2 new/changed trips
2026-09-23 14:21:41,925 INFO poll ok: 99 Dublin Bus trips, 20 new/changed stop delays, 1 new/changed trips
2026-09-23 14:22:42,881 INFO poll ok: 98 Dublin Bus trips, 6 new/changed stop delays, 0 new/changed trips
2026-09-23 14:23:47,436 INFO poll ok: 98 Dublin Bus trips, 5 new/changed stop delays, 0 new/changed trips
2026-09-23 14:24:48,918 INFO poll ok: 98 Dublin Bus trips, 3 new/changed stop delays, 1 new/changed trips
2026-09-23 14:25:48,896 INFO poll ok: 102 Dublin Bus trips, 36 new/changed stop delays, 7 new/changed trips
2026-09-23 14:26:51,986 INFO poll ok: 101 Dublin Bus trips, 6 new/changed stop delays, 1 new/changed trips
2026-09-23 14:27:54,974 INFO poll ok: 100 Dublin Bus trips, 3 new/changed stop delays, 0 new/changed trips
2026-09-23 14:28:57,525 INFO poll ok: 102 Dublin Bus trips, 25 new/changed stop delays, 2 new/changed trips
2026-09-23 14:29:57,038 INFO poll ok: 103 Dublin Bus trips, 13 new/changed stop delays, 1 new/changed trips
2026-09-23 14:30:59,195 INFO poll ok: 115 Dublin Bus trips, 232 new/changed stop delays, 14 new/changed trips
2026-09-23 14:32:01,775 INFO poll ok: 110 Dublin Bus trips, 15 new/changed stop delays, 3 new/changed trips
2026-09-23 14:33:05,191 INFO poll ok: 110 Dublin Bus trips, 6 new/changed stop delays, 2 new/changed trips
2026-09-23 14:34:06,704 INFO poll ok: 111 Dublin Bus trips, 9 new/changed stop delays, 5 new/changed trips
2026-09-23 14:35:09,183 INFO poll ok: 113 Dublin Bus trips, 42 new/changed stop delays, 2 new/changed trips
2026-09-23 14:36:10,641 INFO poll ok: 116 Dublin Bus trips, 44 new/changed stop delays, 4 new/changed trips
2026-09-23 14:37:12,813 INFO poll ok: 116 Dublin Bus trips, 9 new/changed stop delays, 0 new/changed trips
2026-09-23 14:38:13,642 INFO poll ok: 118 Dublin Bus trips, 29 new/changed stop delays, 2 new/changed trips
2026-09-23 14:39:15,550 INFO poll ok: 118 Dublin Bus trips, 9 new/changed stop delays, 0 new/changed trips
2026-09-23 14:40:18,887 INFO poll ok: 118 Dublin Bus trips, 13 new/changed stop delays, 0 new/changed trips
2026-09-23 14:41:21,445 INFO poll ok: 117 Dublin Bus trips, 9 new/changed stop delays, 0 new/changed trips
2026-09-23 14:42:22,781 INFO poll ok: 118 Dublin Bus trips, 35 new/changed stop delays, 3 new/changed trips
2026-09-23 14:43:23,345 INFO poll ok: 118 Dublin Bus trips, 10 new/changed stop delays, 2 new/changed trips
2026-09-23 14:44:25,106 INFO poll ok: 118 Dublin Bus trips, 10 new/changed stop delays, 0 new/changed trips
2026-09-23 14:45:30,729 INFO poll ok: 120 Dublin Bus trips, 11 new/changed stop delays, 2 new/changed trips
2026-09-23 14:46:31,454 INFO poll ok: 105 Dublin Bus trips, 59 new/changed stop delays, 2 new/changed trips
2026-09-23 14:47:32,426 INFO poll ok: 104 Dublin Bus trips, 5 new/changed stop delays, 0 new/changed trips
2026-09-23 14:48:34,848 INFO poll ok: 106 Dublin Bus trips, 44 new/changed stop delays, 5 new/changed trips
2026-09-23 14:49:36,774 INFO poll ok: 106 Dublin Bus trips, 2 new/changed stop delays, 0 new/changed trips
2026-09-23 14:50:37,174 INFO poll ok: 109 Dublin Bus trips, 68 new/changed stop delays, 3 new/changed trips
2026-09-23 14:51:40,162 INFO poll ok: 109 Dublin Bus trips, 12 new/changed stop delays, 0 new/changed trips
2026-09-23 14:52:42,556 INFO poll ok: 109 Dublin Bus trips, 7 new/changed stop delays, 0 new/changed trips
2026-09-23 14:53:43,039 INFO poll ok: 109 Dublin Bus trips, 5 new/changed stop delays, 0 new/changed trips
2026-09-23 14:54:45,585 INFO poll ok: 111 Dublin Bus trips, 55 new/changed stop delays, 4 new/changed trips
2026-09-23 14:55:47,344 INFO poll ok: 116 Dublin Bus trips, 88 new/changed stop delays, 16 new/changed trips
2026-09-23 14:56:51,201 INFO poll ok: 115 Dublin Bus trips, 3 new/changed stop delays, 2 new/changed trips
2026-09-23 14:57:53,200 INFO poll ok: 116 Dublin Bus trips, 14 new/changed stop delays, 3 new/changed trips
2026-09-23 14:58:55,085 INFO poll ok: 116 Dublin Bus trips, 5 new/changed stop delays, 0 new/changed trips
2026-09-23 14:59:57,345 INFO poll ok: 116 Dublin Bus trips, 2 new/changed stop delays, 0 new/changed trips
2026-09-23 15:00:57,256 INFO poll ok: 132 Dublin Bus trips, 270 new/changed stop delays, 18 new/changed trips
2026-09-23 15:01:59,067 INFO poll ok: 131 Dublin Bus trips, 22 new/changed stop delays, 3 new/changed trips
2026-09-23 15:03:03,644 INFO poll ok: 132 Dublin Bus trips, 11 new/changed stop delays, 5 new/changed trips
2026-09-23 15:04:05,282 INFO poll ok: 132 Dublin Bus trips, 10 new/changed stop delays, 0 new/changed trips
2026-09-23 15:05:09,054 INFO poll ok: 132 Dublin Bus trips, 6 new/changed stop delays, 0 new/changed trips
2026-09-23 15:06:08,140 INFO poll ok: 133 Dublin Bus trips, 8 new/changed stop delays, 5 new/changed trips
2026-09-23 15:07:10,666 INFO poll ok: 134 Dublin Bus trips, 19 new/changed stop delays, 1 new/changed trips
2026-09-23 15:08:13,372 INFO poll ok: 134 Dublin Bus trips, 6 new/changed stop delays, 0 new/changed trips
2026-09-23 15:09:17,582 INFO poll ok: 135 Dublin Bus trips, 25 new/changed stop delays, 2 new/changed trips
2026-09-23 15:10:15,434 INFO poll ok: 138 Dublin Bus trips, 67 new/changed stop delays, 3 new/changed trips
2026-09-23 15:11:18,057 INFO poll ok: 138 Dublin Bus trips, 5 new/changed stop delays, 2 new/changed trips
2026-09-23 15:12:19,125 INFO poll ok: 138 Dublin Bus trips, 5 new/changed stop delays, 0 new/changed trips
2026-09-23 15:13:23,536 INFO poll ok: 139 Dublin Bus trips, 30 new/changed stop delays, 1 new/changed trips
2026-09-23 15:14:29,415 INFO poll ok: 139 Dublin Bus trips, 10 new/changed stop delays, 0 new/changed trips
2026-09-23 15:15:28,867 INFO poll ok: 147 Dublin Bus trips, 145 new/changed stop delays, 8 new/changed trips
2026-09-23 15:16:29,009 INFO poll ok: 131 Dublin Bus trips, 44 new/changed stop delays, 2 new/changed trips
2026-09-23 15:17:31,260 INFO poll ok: 133 Dublin Bus trips, 58 new/changed stop delays, 3 new/changed trips
2026-09-23 15:18:31,798 INFO poll ok: 136 Dublin Bus trips, 60 new/changed stop delays, 3 new/changed trips
2026-09-23 15:19:35,034 INFO poll ok: 136 Dublin Bus trips, 8 new/changed stop delays, 0 new/changed trips
2026-09-23 15:20:38,670 INFO poll ok: 146 Dublin Bus trips, 189 new/changed stop delays, 12 new/changed trips
2026-09-23 15:21:39,976 INFO poll ok: 144 Dublin Bus trips, 16 new/changed stop delays, 3 new/changed trips
2026-09-23 15:22:41,807 INFO poll ok: 144 Dublin Bus trips, 4 new/changed stop delays, 2 new/changed trips
2026-09-23 15:23:44,672 INFO poll ok: 144 Dublin Bus trips, 7 new/changed stop delays, 0 new/changed trips
2026-09-23 15:24:45,847 INFO poll ok: 144 Dublin Bus trips, 6 new/changed stop delays, 2 new/changed trips
2026-09-23 15:25:46,789 INFO poll ok: 147 Dublin Bus trips, 72 new/changed stop delays, 10 new/changed trips
2026-09-23 15:26:47,739 INFO poll ok: 147 Dublin Bus trips, 1 new/changed stop delays, 0 new/changed trips
2026-09-23 15:27:51,766 INFO poll ok: 149 Dublin Bus trips, 40 new/changed stop delays, 8 new/changed trips
2026-09-23 15:28:53,965 INFO poll ok: 150 Dublin Bus trips, 10 new/changed stop delays, 1 new/changed trips
2026-09-23 15:29:55,980 INFO poll ok: 150 Dublin Bus trips, 9 new/changed stop delays, 2 new/changed trips
2026-09-23 15:30:55,534 INFO poll ok: 185 Dublin Bus trips, 649 new/changed stop delays, 39 new/changed trips
2026-09-23 15:31:57,590 INFO poll ok: 184 Dublin Bus trips, 12 new/changed stop delays, 3 new/changed trips
2026-09-23 15:33:03,926 INFO poll ok: 185 Dublin Bus trips, 29 new/changed stop delays, 2 new/changed trips
2026-09-23 15:34:04,241 INFO poll ok: 186 Dublin Bus trips, 35 new/changed stop delays, 3 new/changed trips
2026-09-23 15:35:05,438 INFO poll ok: 189 Dublin Bus trips, 11 new/changed stop delays, 3 new/changed trips
2026-09-23 15:36:05,628 INFO poll ok: 192 Dublin Bus trips, 106 new/changed stop delays, 4 new/changed trips
2026-09-23 15:37:07,473 INFO poll ok: 193 Dublin Bus trips, 20 new/changed stop delays, 1 new/changed trips
2026-09-23 15:38:11,595 INFO poll ok: 194 Dublin Bus trips, 14 new/changed stop delays, 1 new/changed trips
2026-09-23 15:39:11,293 INFO poll ok: 194 Dublin Bus trips, 21 new/changed stop delays, 1 new/changed trips
2026-09-23 15:40:13,530 INFO poll ok: 207 Dublin Bus trips, 273 new/changed stop delays, 13 new/changed trips
2026-09-23 15:41:16,646 INFO poll ok: 209 Dublin Bus trips, 82 new/changed stop delays, 5 new/changed trips
2026-09-23 15:42:18,172 INFO poll ok: 211 Dublin Bus trips, 33 new/changed stop delays, 3 new/changed trips
2026-09-23 15:43:20,664 INFO poll ok: 211 Dublin Bus trips, 29 new/changed stop delays, 1 new/changed trips
2026-09-23 15:44:22,581 INFO poll ok: 212 Dublin Bus trips, 25 new/changed stop delays, 2 new/changed trips
2026-09-23 15:45:23,647 INFO poll ok: 225 Dublin Bus trips, 241 new/changed stop delays, 13 new/changed trips
2026-09-23 15:46:29,097 INFO poll ok: 205 Dublin Bus trips, 24 new/changed stop delays, 3 new/changed trips
2026-09-23 15:47:28,423 INFO poll ok: 205 Dublin Bus trips, 29 new/changed stop delays, 1 new/changed trips
2026-09-23 15:48:31,861 INFO poll ok: 206 Dublin Bus trips, 26 new/changed stop delays, 1 new/changed trips
2026-09-23 15:49:32,301 INFO poll ok: 206 Dublin Bus trips, 27 new/changed stop delays, 1 new/changed trips
2026-09-23 15:50:35,666 INFO poll ok: 220 Dublin Bus trips, 291 new/changed stop delays, 14 new/changed trips
2026-09-23 15:51:36,605 INFO poll ok: 219 Dublin Bus trips, 22 new/changed stop delays, 4 new/changed trips
2026-09-23 15:52:38,222 INFO poll ok: 220 Dublin Bus trips, 26 new/changed stop delays, 2 new/changed trips
2026-09-23 15:53:40,308 INFO poll ok: 221 Dublin Bus trips, 10 new/changed stop delays, 3 new/changed trips
2026-09-23 15:54:42,363 INFO poll ok: 227 Dublin Bus trips, 97 new/changed stop delays, 6 new/changed trips
2026-09-23 15:55:53,204 INFO poll ok: 230 Dublin Bus trips, 77 new/changed stop delays, 11 new/changed trips
2026-09-23 15:56:46,691 INFO poll ok: 232 Dublin Bus trips, 82 new/changed stop delays, 5 new/changed trips
2026-09-23 15:57:51,709 INFO poll ok: 233 Dublin Bus trips, 22 new/changed stop delays, 1 new/changed trips
2026-09-23 15:58:50,482 INFO poll ok: 234 Dublin Bus trips, 29 new/changed stop delays, 3 new/changed trips
2026-09-23 15:59:52,488 INFO poll ok: 236 Dublin Bus trips, 32 new/changed stop delays, 4 new/changed trips
2026-09-23 16:00:54,549 INFO poll ok: 289 Dublin Bus trips, 1047 new/changed stop delays, 57 new/changed trips
2026-09-23 16:01:56,396 INFO poll ok: 287 Dublin Bus trips, 51 new/changed stop delays, 2 new/changed trips
2026-09-23 16:02:59,325 INFO poll ok: 288 Dublin Bus trips, 64 new/changed stop delays, 2 new/changed trips
2026-09-23 16:04:01,460 INFO poll ok: 291 Dublin Bus trips, 56 new/changed stop delays, 6 new/changed trips
2026-09-23 16:05:02,917 INFO poll ok: 294 Dublin Bus trips, 59 new/changed stop delays, 5 new/changed trips
2026-09-23 16:06:04,943 INFO poll ok: 302 Dublin Bus trips, 163 new/changed stop delays, 9 new/changed trips
2026-09-23 16:07:09,195 INFO poll ok: 306 Dublin Bus trips, 63 new/changed stop delays, 5 new/changed trips
2026-09-23 16:08:08,424 INFO poll ok: 309 Dublin Bus trips, 48 new/changed stop delays, 5 new/changed trips
2026-09-23 16:09:10,509 INFO poll ok: 313 Dublin Bus trips, 75 new/changed stop delays, 4 new/changed trips
2026-09-23 16:10:15,116 INFO poll ok: 314 Dublin Bus trips, 21 new/changed stop delays, 2 new/changed trips
2026-09-23 16:11:14,911 INFO poll ok: 333 Dublin Bus trips, 449 new/changed stop delays, 25 new/changed trips
2026-09-23 16:12:16,394 INFO poll ok: 335 Dublin Bus trips, 50 new/changed stop delays, 3 new/changed trips
2026-09-23 16:13:19,061 INFO poll ok: 336 Dublin Bus trips, 28 new/changed stop delays, 2 new/changed trips
2026-09-23 16:14:21,265 INFO poll ok: 336 Dublin Bus trips, 5 new/changed stop delays, 1 new/changed trips
2026-09-23 16:15:23,481 INFO poll ok: 367 Dublin Bus trips, 597 new/changed stop delays, 33 new/changed trips
2026-09-23 16:16:25,093 INFO poll ok: 345 Dublin Bus trips, 30 new/changed stop delays, 7 new/changed trips
2026-09-23 16:17:27,062 INFO poll ok: 347 Dublin Bus trips, 50 new/changed stop delays, 4 new/changed trips
2026-09-23 16:18:33,476 INFO poll ok: 350 Dublin Bus trips, 61 new/changed stop delays, 4 new/changed trips
2026-09-23 16:19:31,689 INFO poll ok: 352 Dublin Bus trips, 45 new/changed stop delays, 3 new/changed trips
2026-09-23 16:20:32,716 INFO poll ok: 387 Dublin Bus trips, 676 new/changed stop delays, 35 new/changed trips
2026-09-23 16:21:40,512 INFO poll ok: 384 Dublin Bus trips, 69 new/changed stop delays, 9 new/changed trips
2026-09-23 16:22:38,068 INFO poll ok: 390 Dublin Bus trips, 131 new/changed stop delays, 8 new/changed trips
2026-09-23 16:23:40,084 INFO poll ok: 391 Dublin Bus trips, 23 new/changed stop delays, 1 new/changed trips
2026-09-23 16:24:42,692 INFO poll ok: 394 Dublin Bus trips, 53 new/changed stop delays, 2 new/changed trips
2026-09-23 16:25:45,768 INFO poll ok: 406 Dublin Bus trips, 219 new/changed stop delays, 15 new/changed trips
2026-09-23 16:26:45,327 INFO poll ok: 407 Dublin Bus trips, 43 new/changed stop delays, 7 new/changed trips
2026-09-23 16:27:54,077 INFO poll ok: 409 Dublin Bus trips, 79 new/changed stop delays, 4 new/changed trips
2026-09-23 16:28:49,265 INFO poll ok: 413 Dublin Bus trips, 164 new/changed stop delays, 8 new/changed trips
2026-09-23 16:29:50,919 INFO poll ok: 412 Dublin Bus trips, 13 new/changed stop delays, 1 new/changed trips
2026-09-23 16:30:54,364 INFO poll ok: 477 Dublin Bus trips, 1243 new/changed stop delays, 69 new/changed trips
2026-09-23 16:31:56,581 INFO poll ok: 475 Dublin Bus trips, 108 new/changed stop delays, 12 new/changed trips
2026-09-23 16:33:00,406 INFO poll ok: 480 Dublin Bus trips, 84 new/changed stop delays, 8 new/changed trips
2026-09-23 16:34:04,060 INFO poll ok: 485 Dublin Bus trips, 151 new/changed stop delays, 9 new/changed trips
2026-09-23 16:35:04,043 INFO poll ok: 485 Dublin Bus trips, 73 new/changed stop delays, 2 new/changed trips
2026-09-23 16:36:06,018 INFO poll ok: 499 Dublin Bus trips, 231 new/changed stop delays, 21 new/changed trips
2026-09-23 16:37:06,514 INFO poll ok: 499 Dublin Bus trips, 43 new/changed stop delays, 2 new/changed trips
2026-09-23 16:38:07,791 INFO poll ok: 505 Dublin Bus trips, 107 new/changed stop delays, 7 new/changed trips
2026-09-23 16:39:15,052 INFO poll ok: 511 Dublin Bus trips, 102 new/changed stop delays, 7 new/changed trips
2026-09-23 16:40:13,208 INFO poll ok: 515 Dublin Bus trips, 20 new/changed stop delays, 7 new/changed trips
2026-09-23 16:41:14,235 INFO poll ok: 542 Dublin Bus trips, 671 new/changed stop delays, 44 new/changed trips
2026-09-23 16:42:16,196 INFO poll ok: 550 Dublin Bus trips, 166 new/changed stop delays, 13 new/changed trips
2026-09-23 16:43:17,440 INFO poll ok: 553 Dublin Bus trips, 93 new/changed stop delays, 4 new/changed trips
2026-09-23 16:44:20,472 INFO poll ok: 555 Dublin Bus trips, 66 new/changed stop delays, 5 new/changed trips
2026-09-23 16:45:21,754 INFO poll ok: 591 Dublin Bus trips, 681 new/changed stop delays, 37 new/changed trips
2026-09-23 16:46:24,934 INFO poll ok: 570 Dublin Bus trips, 70 new/changed stop delays, 12 new/changed trips
2026-09-23 16:47:25,576 INFO poll ok: 574 Dublin Bus trips, 100 new/changed stop delays, 5 new/changed trips
2026-09-23 16:48:39,644 INFO poll ok: 576 Dublin Bus trips, 58 new/changed stop delays, 6 new/changed trips
2026-09-23 16:49:40,370 INFO poll ok: 576 Dublin Bus trips, 17 new/changed stop delays, 3 new/changed trips
2026-09-23 16:50:34,414 INFO poll ok: 603 Dublin Bus trips, 546 new/changed stop delays, 33 new/changed trips
2026-09-23 16:51:34,395 INFO poll ok: 603 Dublin Bus trips, 125 new/changed stop delays, 8 new/changed trips
2026-09-23 16:52:38,628 INFO poll ok: 609 Dublin Bus trips, 165 new/changed stop delays, 10 new/changed trips
2026-09-23 16:53:39,247 INFO poll ok: 613 Dublin Bus trips, 99 new/changed stop delays, 6 new/changed trips
2026-09-23 16:54:46,265 INFO poll ok: 626 Dublin Bus trips, 253 new/changed stop delays, 15 new/changed trips
2026-09-23 16:55:42,350 INFO poll ok: 640 Dublin Bus trips, 270 new/changed stop delays, 25 new/changed trips
2026-09-23 16:56:43,778 INFO poll ok: 638 Dublin Bus trips, 18 new/changed stop delays, 3 new/changed trips
2026-09-23 16:57:46,329 INFO poll ok: 636 Dublin Bus trips, 40 new/changed stop delays, 7 new/changed trips
2026-09-23 16:58:55,412 INFO poll ok: 640 Dublin Bus trips, 107 new/changed stop delays, 8 new/changed trips
2026-09-23 16:59:52,913 INFO poll ok: 642 Dublin Bus trips, 55 new/changed stop delays, 6 new/changed trips
2026-09-23 17:00:53,244 INFO poll ok: 717 Dublin Bus trips, 1385 new/changed stop delays, 84 new/changed trips
2026-09-23 17:01:54,707 INFO poll ok: 710 Dublin Bus trips, 123 new/changed stop delays, 13 new/changed trips
2026-09-23 17:02:58,072 INFO poll ok: 720 Dublin Bus trips, 255 new/changed stop delays, 13 new/changed trips
2026-09-23 17:04:00,264 INFO poll ok: 724 Dublin Bus trips, 130 new/changed stop delays, 12 new/changed trips
2026-09-23 17:05:11,586 INFO poll ok: 731 Dublin Bus trips, 177 new/changed stop delays, 6 new/changed trips
2026-09-23 17:06:04,061 INFO poll ok: 720 Dublin Bus trips, 244 new/changed stop delays, 17 new/changed trips
2026-09-23 17:07:18,508 INFO poll ok: 725 Dublin Bus trips, 166 new/changed stop delays, 7 new/changed trips
2026-09-23 17:08:14,009 INFO poll ok: 732 Dublin Bus trips, 220 new/changed stop delays, 11 new/changed trips
2026-09-23 17:09:10,886 INFO poll ok: 732 Dublin Bus trips, 95 new/changed stop delays, 6 new/changed trips
2026-09-23 17:10:11,241 INFO poll ok: 741 Dublin Bus trips, 252 new/changed stop delays, 14 new/changed trips
2026-09-23 17:11:14,585 INFO poll ok: 764 Dublin Bus trips, 665 new/changed stop delays, 42 new/changed trips
2026-09-23 17:12:19,995 INFO poll ok: 769 Dublin Bus trips, 228 new/changed stop delays, 11 new/changed trips
2026-09-23 17:13:17,426 INFO poll ok: 776 Dublin Bus trips, 150 new/changed stop delays, 11 new/changed trips
2026-09-23 17:14:19,060 INFO poll ok: 779 Dublin Bus trips, 141 new/changed stop delays, 4 new/changed trips
2026-09-23 17:15:46,825 INFO poll ok: 829 Dublin Bus trips, 926 new/changed stop delays, 60 new/changed trips
2026-09-23 17:16:24,427 INFO poll ok: 817 Dublin Bus trips, 144 new/changed stop delays, 8 new/changed trips
2026-09-23 17:17:27,622 INFO poll ok: 822 Dublin Bus trips, 195 new/changed stop delays, 12 new/changed trips
2026-09-23 17:18:27,690 INFO poll ok: 832 Dublin Bus trips, 226 new/changed stop delays, 14 new/changed trips
2026-09-23 17:19:31,026 INFO poll ok: 837 Dublin Bus trips, 159 new/changed stop delays, 11 new/changed trips
2026-09-23 17:20:32,671 INFO poll ok: 877 Dublin Bus trips, 755 new/changed stop delays, 51 new/changed trips
2026-09-23 17:21:34,655 INFO poll ok: 871 Dublin Bus trips, 235 new/changed stop delays, 19 new/changed trips
2026-09-23 17:22:35,434 INFO poll ok: 880 Dublin Bus trips, 219 new/changed stop delays, 17 new/changed trips
2026-09-23 17:23:46,960 INFO poll ok: 882 Dublin Bus trips, 157 new/changed stop delays, 5 new/changed trips
2026-09-23 17:24:40,447 INFO poll ok: 890 Dublin Bus trips, 196 new/changed stop delays, 16 new/changed trips
2026-09-23 17:25:41,582 INFO poll ok: 902 Dublin Bus trips, 368 new/changed stop delays, 34 new/changed trips
2026-09-23 17:26:45,030 INFO poll ok: 909 Dublin Bus trips, 245 new/changed stop delays, 17 new/changed trips
2026-09-23 17:28:06,705 INFO poll ok: 912 Dublin Bus trips, 76 new/changed stop delays, 9 new/changed trips
2026-09-23 17:28:50,750 INFO poll ok: 920 Dublin Bus trips, 204 new/changed stop delays, 18 new/changed trips
2026-09-23 17:29:51,512 INFO poll ok: 919 Dublin Bus trips, 76 new/changed stop delays, 15 new/changed trips
2026-09-23 17:31:06,303 INFO poll ok: 990 Dublin Bus trips, 1379 new/changed stop delays, 83 new/changed trips
2026-09-23 17:31:56,026 INFO poll ok: 981 Dublin Bus trips, 181 new/changed stop delays, 18 new/changed trips
2026-09-23 17:32:57,812 INFO poll ok: 987 Dublin Bus trips, 174 new/changed stop delays, 14 new/changed trips
2026-09-23 17:34:01,060 INFO poll ok: 995 Dublin Bus trips, 249 new/changed stop delays, 13 new/changed trips
2026-09-23 17:35:02,327 INFO poll ok: 1004 Dublin Bus trips, 237 new/changed stop delays, 13 new/changed trips
2026-09-23 17:36:03,086 INFO poll ok: 1022 Dublin Bus trips, 423 new/changed stop delays, 25 new/changed trips
2026-09-23 17:37:44,285 INFO poll ok: 1022 Dublin Bus trips, 237 new/changed stop delays, 12 new/changed trips
2026-09-23 17:38:19,656 INFO poll ok: 1033 Dublin Bus trips, 310 new/changed stop delays, 17 new/changed trips
2026-09-23 17:39:09,566 INFO poll ok: 1036 Dublin Bus trips, 163 new/changed stop delays, 10 new/changed trips
2026-09-23 17:40:15,088 INFO poll ok: 1078 Dublin Bus trips, 893 new/changed stop delays, 46 new/changed trips
2026-09-23 17:41:16,064 INFO poll ok: 1083 Dublin Bus trips, 185 new/changed stop delays, 22 new/changed trips
2026-09-23 17:42:18,026 INFO poll ok: 1087 Dublin Bus trips, 278 new/changed stop delays, 21 new/changed trips
2026-09-23 17:43:20,135 INFO poll ok: 1092 Dublin Bus trips, 120 new/changed stop delays, 13 new/changed trips
2026-09-23 17:44:19,100 INFO poll ok: 1096 Dublin Bus trips, 95 new/changed stop delays, 13 new/changed trips
2026-09-23 17:45:24,406 INFO poll ok: 1135 Dublin Bus trips, 816 new/changed stop delays, 45 new/changed trips
2026-09-23 17:46:35,376 INFO poll ok: 1106 Dublin Bus trips, 252 new/changed stop delays, 26 new/changed trips
2026-09-23 17:47:27,064 INFO poll ok: 1112 Dublin Bus trips, 185 new/changed stop delays, 16 new/changed trips
2026-09-23 17:48:28,723 INFO poll ok: 1119 Dublin Bus trips, 251 new/changed stop delays, 18 new/changed trips
2026-09-23 17:49:32,733 INFO poll ok: 1120 Dublin Bus trips, 220 new/changed stop delays, 15 new/changed trips
2026-09-23 17:50:31,909 INFO poll ok: 1154 Dublin Bus trips, 809 new/changed stop delays, 48 new/changed trips
2026-09-23 17:51:37,679 INFO poll ok: 1150 Dublin Bus trips, 219 new/changed stop delays, 13 new/changed trips
2026-09-23 17:52:37,470 INFO poll ok: 1161 Dublin Bus trips, 294 new/changed stop delays, 16 new/changed trips
2026-09-23 17:53:39,713 INFO poll ok: 1164 Dublin Bus trips, 114 new/changed stop delays, 7 new/changed trips
2026-09-23 17:54:53,257 INFO poll ok: 1172 Dublin Bus trips, 302 new/changed stop delays, 23 new/changed trips
2026-09-23 17:55:43,909 INFO poll ok: 1181 Dublin Bus trips, 339 new/changed stop delays, 25 new/changed trips
2026-09-23 17:56:44,393 INFO poll ok: 1184 Dublin Bus trips, 182 new/changed stop delays, 24 new/changed trips
2026-09-23 17:57:46,988 INFO poll ok: 1192 Dublin Bus trips, 233 new/changed stop delays, 18 new/changed trips
2026-09-23 17:58:50,211 INFO poll ok: 1195 Dublin Bus trips, 185 new/changed stop delays, 12 new/changed trips
2026-09-23 17:59:53,873 INFO poll ok: 1199 Dublin Bus trips, 242 new/changed stop delays, 10 new/changed trips
2026-09-23 18:01:44,637 INFO poll ok: 1266 Dublin Bus trips, 1400 new/changed stop delays, 78 new/changed trips
2026-09-23 18:02:11,496 INFO poll ok: 1258 Dublin Bus trips, 206 new/changed stop delays, 31 new/changed trips
2026-09-23 18:02:59,872 INFO poll ok: 1269 Dublin Bus trips, 275 new/changed stop delays, 24 new/changed trips
2026-09-23 18:04:01,577 INFO poll ok: 1275 Dublin Bus trips, 291 new/changed stop delays, 14 new/changed trips
2026-09-23 18:05:01,063 INFO poll ok: 1280 Dublin Bus trips, 203 new/changed stop delays, 16 new/changed trips
2026-09-23 18:06:05,942 INFO poll ok: 1296 Dublin Bus trips, 441 new/changed stop delays, 34 new/changed trips
2026-09-23 18:07:05,835 INFO poll ok: 1301 Dublin Bus trips, 264 new/changed stop delays, 24 new/changed trips
2026-09-23 18:08:09,883 INFO poll ok: 1306 Dublin Bus trips, 208 new/changed stop delays, 10 new/changed trips
2026-09-23 18:09:09,332 INFO poll ok: 1307 Dublin Bus trips, 98 new/changed stop delays, 4 new/changed trips
2026-09-23 18:10:29,444 INFO poll ok: 1312 Dublin Bus trips, 171 new/changed stop delays, 15 new/changed trips
2026-09-23 18:11:28,396 INFO poll ok: 1336 Dublin Bus trips, 843 new/changed stop delays, 69 new/changed trips
2026-09-23 18:12:14,677 INFO poll ok: 1337 Dublin Bus trips, 176 new/changed stop delays, 23 new/changed trips
2026-09-23 18:13:17,290 INFO poll ok: 1342 Dublin Bus trips, 227 new/changed stop delays, 24 new/changed trips
2026-09-23 18:14:22,168 INFO poll ok: 1350 Dublin Bus trips, 220 new/changed stop delays, 25 new/changed trips
2026-09-23 18:15:26,481 INFO poll ok: 1374 Dublin Bus trips, 740 new/changed stop delays, 53 new/changed trips
2026-09-23 18:16:23,943 INFO poll ok: 1304 Dublin Bus trips, 359 new/changed stop delays, 32 new/changed trips
2026-09-23 18:17:23,918 INFO poll ok: 1311 Dublin Bus trips, 236 new/changed stop delays, 14 new/changed trips
2026-09-23 18:18:28,528 INFO poll ok: 1320 Dublin Bus trips, 240 new/changed stop delays, 17 new/changed trips
2026-09-23 18:19:27,806 INFO poll ok: 1316 Dublin Bus trips, 190 new/changed stop delays, 8 new/changed trips
2026-09-23 18:21:15,765 INFO poll ok: 1339 Dublin Bus trips, 795 new/changed stop delays, 43 new/changed trips
2026-09-23 18:21:54,585 INFO poll ok: 1341 Dublin Bus trips, 256 new/changed stop delays, 35 new/changed trips
2026-09-23 18:23:04,669 INFO poll ok: 1353 Dublin Bus trips, 363 new/changed stop delays, 16 new/changed trips
2026-09-23 18:23:40,112 INFO poll ok: 1351 Dublin Bus trips, 182 new/changed stop delays, 9 new/changed trips
2026-09-23 18:24:46,454 INFO poll ok: 1359 Dublin Bus trips, 284 new/changed stop delays, 20 new/changed trips
2026-09-23 18:26:04,477 INFO poll ok: 1368 Dublin Bus trips, 308 new/changed stop delays, 36 new/changed trips
2026-09-23 18:26:43,497 INFO poll ok: 1371 Dublin Bus trips, 211 new/changed stop delays, 11 new/changed trips
2026-09-23 18:27:43,851 INFO poll ok: 1375 Dublin Bus trips, 200 new/changed stop delays, 14 new/changed trips
2026-09-23 18:28:47,562 INFO poll ok: 1375 Dublin Bus trips, 204 new/changed stop delays, 14 new/changed trips
2026-09-23 18:29:49,370 INFO poll ok: 1378 Dublin Bus trips, 200 new/changed stop delays, 14 new/changed trips
2026-09-23 18:30:50,981 INFO poll ok: 1427 Dublin Bus trips, 1277 new/changed stop delays, 73 new/changed trips
2026-09-23 18:32:18,915 INFO poll ok: 1431 Dublin Bus trips, 270 new/changed stop delays, 20 new/changed trips
2026-09-23 18:32:58,641 INFO poll ok: 1437 Dublin Bus trips, 246 new/changed stop delays, 18 new/changed trips
2026-09-23 18:34:06,356 INFO poll ok: 1442 Dublin Bus trips, 261 new/changed stop delays, 23 new/changed trips
2026-09-23 18:34:59,927 INFO poll ok: 1443 Dublin Bus trips, 230 new/changed stop delays, 20 new/changed trips
2026-09-23 18:36:38,362 INFO poll ok: 1458 Dublin Bus trips, 579 new/changed stop delays, 41 new/changed trips
2026-09-23 18:37:12,397 INFO poll ok: 1463 Dublin Bus trips, 263 new/changed stop delays, 22 new/changed trips
2026-09-23 18:38:08,918 INFO poll ok: 1467 Dublin Bus trips, 304 new/changed stop delays, 16 new/changed trips
2026-09-23 18:39:08,202 INFO poll ok: 1470 Dublin Bus trips, 283 new/changed stop delays, 18 new/changed trips
2026-09-23 18:40:06,088 INFO poll ok: 1473 Dublin Bus trips, 186 new/changed stop delays, 17 new/changed trips
2026-09-23 18:41:14,351 INFO poll ok: 1494 Dublin Bus trips, 668 new/changed stop delays, 48 new/changed trips
2026-09-23 18:42:16,171 INFO poll ok: 1499 Dublin Bus trips, 316 new/changed stop delays, 14 new/changed trips
2026-09-23 18:43:17,836 INFO poll ok: 1508 Dublin Bus trips, 412 new/changed stop delays, 28 new/changed trips
2026-09-23 18:44:18,005 INFO poll ok: 1509 Dublin Bus trips, 244 new/changed stop delays, 19 new/changed trips
2026-09-23 18:45:19,746 INFO poll ok: 1533 Dublin Bus trips, 701 new/changed stop delays, 42 new/changed trips
2026-09-23 18:46:21,353 INFO poll ok: 1391 Dublin Bus trips, 386 new/changed stop delays, 19 new/changed trips
2026-09-23 18:47:23,856 INFO poll ok: 1394 Dublin Bus trips, 219 new/changed stop delays, 12 new/changed trips
2026-09-23 18:48:26,714 INFO poll ok: 1392 Dublin Bus trips, 282 new/changed stop delays, 19 new/changed trips
2026-09-23 18:49:29,529 INFO poll ok: 1395 Dublin Bus trips, 214 new/changed stop delays, 14 new/changed trips
2026-09-23 18:50:29,192 INFO poll ok: 1418 Dublin Bus trips, 704 new/changed stop delays, 42 new/changed trips
2026-09-23 18:51:40,836 INFO poll ok: 1423 Dublin Bus trips, 379 new/changed stop delays, 38 new/changed trips
2026-09-23 18:52:43,684 INFO poll ok: 1430 Dublin Bus trips, 402 new/changed stop delays, 18 new/changed trips
2026-09-23 18:53:40,567 INFO poll ok: 1438 Dublin Bus trips, 326 new/changed stop delays, 17 new/changed trips
2026-09-23 18:55:14,030 INFO poll ok: 1444 Dublin Bus trips, 271 new/changed stop delays, 17 new/changed trips
2026-09-23 18:55:42,519 INFO poll ok: 1452 Dublin Bus trips, 458 new/changed stop delays, 45 new/changed trips
2026-09-23 18:56:44,787 INFO poll ok: 1456 Dublin Bus trips, 306 new/changed stop delays, 22 new/changed trips
2026-09-23 18:57:42,951 INFO poll ok: 1458 Dublin Bus trips, 287 new/changed stop delays, 14 new/changed trips
2026-09-23 18:58:45,497 INFO poll ok: 1460 Dublin Bus trips, 307 new/changed stop delays, 20 new/changed trips
2026-09-23 18:59:47,074 INFO poll ok: 1467 Dublin Bus trips, 259 new/changed stop delays, 18 new/changed trips
2026-09-23 19:00:50,492 INFO poll ok: 1523 Dublin Bus trips, 1489 new/changed stop delays, 80 new/changed trips
2026-09-23 19:01:55,154 INFO poll ok: 1523 Dublin Bus trips, 294 new/changed stop delays, 26 new/changed trips
2026-09-23 19:02:55,711 INFO poll ok: 1524 Dublin Bus trips, 248 new/changed stop delays, 17 new/changed trips
2026-09-23 19:03:54,724 INFO poll ok: 1527 Dublin Bus trips, 265 new/changed stop delays, 11 new/changed trips
2026-09-23 19:05:00,970 INFO poll ok: 1529 Dublin Bus trips, 320 new/changed stop delays, 23 new/changed trips
2026-09-23 19:05:58,285 INFO poll ok: 1535 Dublin Bus trips, 374 new/changed stop delays, 16 new/changed trips
2026-09-23 19:07:03,223 INFO poll ok: 1546 Dublin Bus trips, 404 new/changed stop delays, 23 new/changed trips
2026-09-23 19:08:08,965 INFO poll ok: 1557 Dublin Bus trips, 428 new/changed stop delays, 21 new/changed trips
2026-09-23 19:09:36,832 INFO poll ok: 1560 Dublin Bus trips, 308 new/changed stop delays, 10 new/changed trips
2026-09-23 19:10:09,431 INFO poll ok: 1560 Dublin Bus trips, 236 new/changed stop delays, 4 new/changed trips
2026-09-23 19:11:09,862 INFO poll ok: 1583 Dublin Bus trips, 715 new/changed stop delays, 40 new/changed trips
2026-09-23 19:12:18,095 INFO poll ok: 1584 Dublin Bus trips, 264 new/changed stop delays, 10 new/changed trips
2026-09-23 19:13:27,371 INFO poll ok: 1586 Dublin Bus trips, 332 new/changed stop delays, 15 new/changed trips
2026-09-23 19:14:17,580 INFO poll ok: 1591 Dublin Bus trips, 359 new/changed stop delays, 19 new/changed trips
2026-09-23 19:15:19,069 INFO poll ok: 1617 Dublin Bus trips, 727 new/changed stop delays, 38 new/changed trips
2026-09-23 19:16:18,889 INFO poll ok: 1448 Dublin Bus trips, 496 new/changed stop delays, 22 new/changed trips
2026-09-23 19:17:21,914 INFO poll ok: 1450 Dublin Bus trips, 236 new/changed stop delays, 19 new/changed trips
2026-09-23 19:18:23,091 INFO poll ok: 1453 Dublin Bus trips, 348 new/changed stop delays, 13 new/changed trips
2026-09-23 19:19:23,711 INFO poll ok: 1454 Dublin Bus trips, 255 new/changed stop delays, 13 new/changed trips
2026-09-23 19:20:44,340 INFO poll ok: 1478 Dublin Bus trips, 851 new/changed stop delays, 39 new/changed trips
2026-09-23 19:21:32,598 INFO poll ok: 1479 Dublin Bus trips, 339 new/changed stop delays, 28 new/changed trips
2026-09-23 19:22:34,971 INFO poll ok: 1487 Dublin Bus trips, 457 new/changed stop delays, 14 new/changed trips
2026-09-23 19:23:33,594 INFO poll ok: 1487 Dublin Bus trips, 296 new/changed stop delays, 7 new/changed trips
2026-09-23 19:24:36,068 INFO poll ok: 1489 Dublin Bus trips, 318 new/changed stop delays, 12 new/changed trips
2026-09-23 19:26:05,471 INFO poll ok: 1499 Dublin Bus trips, 489 new/changed stop delays, 36 new/changed trips
2026-09-23 19:26:50,341 INFO poll ok: 1502 Dublin Bus trips, 336 new/changed stop delays, 24 new/changed trips
2026-09-23 19:27:44,850 INFO poll ok: 1506 Dublin Bus trips, 335 new/changed stop delays, 13 new/changed trips
2026-09-23 19:28:45,413 INFO poll ok: 1508 Dublin Bus trips, 327 new/changed stop delays, 21 new/changed trips
2026-09-23 19:30:22,864 INFO poll ok: 1514 Dublin Bus trips, 345 new/changed stop delays, 19 new/changed trips
2026-09-23 19:31:07,255 INFO poll ok: 1563 Dublin Bus trips, 1226 new/changed stop delays, 67 new/changed trips
2026-09-23 19:31:52,180 INFO poll ok: 1566 Dublin Bus trips, 344 new/changed stop delays, 19 new/changed trips
2026-09-23 19:32:56,453 INFO poll ok: 1568 Dublin Bus trips, 258 new/changed stop delays, 18 new/changed trips
2026-09-23 19:33:54,641 INFO poll ok: 1570 Dublin Bus trips, 245 new/changed stop delays, 16 new/changed trips
2026-09-23 19:35:00,038 INFO poll ok: 1571 Dublin Bus trips, 264 new/changed stop delays, 9 new/changed trips
2026-09-23 19:35:59,923 INFO poll ok: 1576 Dublin Bus trips, 417 new/changed stop delays, 33 new/changed trips
2026-09-23 19:37:03,618 INFO poll ok: 1578 Dublin Bus trips, 342 new/changed stop delays, 11 new/changed trips
2026-09-23 19:38:35,449 INFO poll ok: 1579 Dublin Bus trips, 329 new/changed stop delays, 10 new/changed trips
2026-09-23 19:39:18,211 INFO poll ok: 1580 Dublin Bus trips, 332 new/changed stop delays, 12 new/changed trips
2026-09-23 19:40:06,555 INFO poll ok: 1583 Dublin Bus trips, 297 new/changed stop delays, 17 new/changed trips
2026-09-23 19:41:13,390 INFO poll ok: 1600 Dublin Bus trips, 736 new/changed stop delays, 44 new/changed trips
2026-09-23 19:42:09,656 INFO poll ok: 1605 Dublin Bus trips, 287 new/changed stop delays, 22 new/changed trips
2026-09-23 19:43:11,663 INFO poll ok: 1620 Dublin Bus trips, 592 new/changed stop delays, 23 new/changed trips
2026-09-23 19:44:18,740 INFO poll ok: 1621 Dublin Bus trips, 301 new/changed stop delays, 14 new/changed trips
2026-09-23 19:45:17,762 INFO poll ok: 1654 Dublin Bus trips, 870 new/changed stop delays, 44 new/changed trips
2026-09-23 19:46:19,589 INFO poll ok: 1478 Dublin Bus trips, 501 new/changed stop delays, 19 new/changed trips
2026-09-23 19:47:20,424 INFO poll ok: 1479 Dublin Bus trips, 285 new/changed stop delays, 20 new/changed trips
2026-09-23 19:48:31,243 INFO poll ok: 1481 Dublin Bus trips, 296 new/changed stop delays, 15 new/changed trips
2026-09-23 19:49:25,274 INFO poll ok: 1481 Dublin Bus trips, 330 new/changed stop delays, 17 new/changed trips
2026-09-23 19:50:25,950 INFO poll ok: 1501 Dublin Bus trips, 656 new/changed stop delays, 30 new/changed trips
2026-09-23 19:51:26,468 INFO poll ok: 1502 Dublin Bus trips, 308 new/changed stop delays, 10 new/changed trips
2026-09-23 19:53:11,271 INFO poll ok: 1506 Dublin Bus trips, 397 new/changed stop delays, 23 new/changed trips
2026-09-23 19:53:55,126 INFO poll ok: 1510 Dublin Bus trips, 320 new/changed stop delays, 13 new/changed trips
2026-09-23 19:54:37,369 INFO poll ok: 1521 Dublin Bus trips, 505 new/changed stop delays, 22 new/changed trips
2026-09-23 19:55:36,097 INFO poll ok: 1523 Dublin Bus trips, 373 new/changed stop delays, 26 new/changed trips
2026-09-23 19:56:37,950 INFO poll ok: 1529 Dublin Bus trips, 307 new/changed stop delays, 34 new/changed trips
2026-09-23 19:57:40,278 INFO poll ok: 1529 Dublin Bus trips, 288 new/changed stop delays, 6 new/changed trips
2026-09-23 19:58:44,422 INFO poll ok: 1530 Dublin Bus trips, 200 new/changed stop delays, 16 new/changed trips
2026-09-23 19:59:46,749 INFO poll ok: 1531 Dublin Bus trips, 375 new/changed stop delays, 5 new/changed trips
2026-09-23 20:01:21,661 INFO poll ok: 1592 Dublin Bus trips, 1363 new/changed stop delays, 80 new/changed trips
2026-09-23 20:02:15,033 INFO poll ok: 1595 Dublin Bus trips, 380 new/changed stop delays, 29 new/changed trips
2026-09-23 20:02:50,645 INFO poll ok: 1597 Dublin Bus trips, 455 new/changed stop delays, 26 new/changed trips
2026-09-23 20:03:58,149 INFO poll ok: 1594 Dublin Bus trips, 274 new/changed stop delays, 16 new/changed trips
2026-09-23 20:05:00,555 INFO poll ok: 1590 Dublin Bus trips, 356 new/changed stop delays, 12 new/changed trips
2026-09-23 20:06:16,694 INFO poll ok: 1597 Dublin Bus trips, 345 new/changed stop delays, 25 new/changed trips
2026-09-23 20:07:10,303 INFO poll ok: 1606 Dublin Bus trips, 377 new/changed stop delays, 47 new/changed trips
2026-09-23 20:08:10,796 INFO poll ok: 1613 Dublin Bus trips, 425 new/changed stop delays, 18 new/changed trips
2026-09-23 20:09:02,769 INFO poll ok: 1614 Dublin Bus trips, 286 new/changed stop delays, 16 new/changed trips
2026-09-23 20:10:08,331 INFO poll ok: 1618 Dublin Bus trips, 268 new/changed stop delays, 15 new/changed trips
2026-09-23 20:11:40,504 INFO poll ok: 1633 Dublin Bus trips, 537 new/changed stop delays, 39 new/changed trips
2026-09-23 20:12:16,095 INFO poll ok: 1632 Dublin Bus trips, 274 new/changed stop delays, 21 new/changed trips
2026-09-23 20:13:11,929 INFO poll ok: 1635 Dublin Bus trips, 272 new/changed stop delays, 9 new/changed trips
2026-09-23 20:14:14,889 INFO poll ok: 1635 Dublin Bus trips, 295 new/changed stop delays, 14 new/changed trips
2026-09-23 20:15:13,625 INFO poll ok: 1636 Dublin Bus trips, 240 new/changed stop delays, 10 new/changed trips
2026-09-23 20:16:15,101 INFO poll ok: 1459 Dublin Bus trips, 975 new/changed stop delays, 47 new/changed trips
2026-09-23 20:17:20,194 INFO poll ok: 1457 Dublin Bus trips, 276 new/changed stop delays, 16 new/changed trips
2026-09-23 20:18:20,222 INFO poll ok: 1464 Dublin Bus trips, 475 new/changed stop delays, 22 new/changed trips
2026-09-23 20:19:25,466 INFO poll ok: 1466 Dublin Bus trips, 243 new/changed stop delays, 16 new/changed trips
2026-09-23 20:20:24,959 INFO poll ok: 1498 Dublin Bus trips, 730 new/changed stop delays, 43 new/changed trips
2026-09-23 20:21:29,358 INFO poll ok: 1498 Dublin Bus trips, 282 new/changed stop delays, 20 new/changed trips
2026-09-23 20:22:34,453 INFO poll ok: 1501 Dublin Bus trips, 265 new/changed stop delays, 25 new/changed trips
2026-09-23 20:23:30,275 INFO poll ok: 1502 Dublin Bus trips, 244 new/changed stop delays, 17 new/changed trips
2026-09-23 20:24:34,095 INFO poll ok: 1505 Dublin Bus trips, 246 new/changed stop delays, 18 new/changed trips
2026-09-23 20:25:34,098 INFO poll ok: 1509 Dublin Bus trips, 294 new/changed stop delays, 13 new/changed trips
2026-09-23 20:26:36,504 INFO poll ok: 1510 Dublin Bus trips, 245 new/changed stop delays, 15 new/changed trips
2026-09-23 20:27:38,605 INFO poll ok: 1509 Dublin Bus trips, 244 new/changed stop delays, 28 new/changed trips
2026-09-23 20:28:49,018 INFO poll ok: 1507 Dublin Bus trips, 253 new/changed stop delays, 11 new/changed trips
2026-09-23 20:29:42,916 INFO poll ok: 1507 Dublin Bus trips, 211 new/changed stop delays, 7 new/changed trips
2026-09-23 20:30:43,411 INFO poll ok: 1572 Dublin Bus trips, 1563 new/changed stop delays, 92 new/changed trips
2026-09-23 20:31:44,768 INFO poll ok: 1573 Dublin Bus trips, 336 new/changed stop delays, 33 new/changed trips
2026-09-23 20:32:47,255 INFO poll ok: 1575 Dublin Bus trips, 396 new/changed stop delays, 18 new/changed trips
2026-09-23 20:33:50,881 INFO poll ok: 1575 Dublin Bus trips, 312 new/changed stop delays, 16 new/changed trips
2026-09-23 20:34:51,822 INFO poll ok: 1576 Dublin Bus trips, 206 new/changed stop delays, 23 new/changed trips
2026-09-23 20:35:54,702 INFO poll ok: 1579 Dublin Bus trips, 328 new/changed stop delays, 24 new/changed trips
2026-09-23 20:36:55,300 INFO poll ok: 1585 Dublin Bus trips, 249 new/changed stop delays, 23 new/changed trips
2026-09-23 20:37:57,565 INFO poll ok: 1588 Dublin Bus trips, 332 new/changed stop delays, 17 new/changed trips
2026-09-23 20:39:17,322 INFO poll ok: 1592 Dublin Bus trips, 253 new/changed stop delays, 9 new/changed trips
2026-09-23 20:40:06,072 INFO poll ok: 1592 Dublin Bus trips, 238 new/changed stop delays, 7 new/changed trips
2026-09-23 20:41:04,000 INFO poll ok: 1619 Dublin Bus trips, 660 new/changed stop delays, 51 new/changed trips
2026-09-23 20:42:07,581 INFO poll ok: 1620 Dublin Bus trips, 253 new/changed stop delays, 36 new/changed trips
2026-09-23 20:43:10,366 INFO poll ok: 1626 Dublin Bus trips, 405 new/changed stop delays, 30 new/changed trips
2026-09-23 20:44:14,714 INFO poll ok: 1631 Dublin Bus trips, 250 new/changed stop delays, 22 new/changed trips
2026-09-23 20:45:13,443 INFO poll ok: 1631 Dublin Bus trips, 152 new/changed stop delays, 4 new/changed trips
2026-09-23 20:46:15,718 INFO poll ok: 1465 Dublin Bus trips, 831 new/changed stop delays, 44 new/changed trips
2026-09-23 20:47:14,755 INFO poll ok: 1409 Dublin Bus trips, 277 new/changed stop delays, 28 new/changed trips
2026-09-23 20:48:20,504 INFO poll ok: 1409 Dublin Bus trips, 269 new/changed stop delays, 12 new/changed trips
2026-09-23 20:49:19,560 INFO poll ok: 1409 Dublin Bus trips, 190 new/changed stop delays, 12 new/changed trips
2026-09-23 20:50:21,593 INFO poll ok: 1426 Dublin Bus trips, 529 new/changed stop delays, 39 new/changed trips
2026-09-23 20:51:23,330 INFO poll ok: 1426 Dublin Bus trips, 225 new/changed stop delays, 17 new/changed trips
2026-09-23 20:52:26,181 INFO poll ok: 1427 Dublin Bus trips, 266 new/changed stop delays, 35 new/changed trips
2026-09-23 20:53:26,435 INFO poll ok: 1433 Dublin Bus trips, 295 new/changed stop delays, 14 new/changed trips
2026-09-23 20:54:30,211 INFO poll ok: 1442 Dublin Bus trips, 361 new/changed stop delays, 16 new/changed trips
2026-09-23 20:55:33,647 INFO poll ok: 1448 Dublin Bus trips, 302 new/changed stop delays, 37 new/changed trips
2026-09-23 20:56:36,948 INFO poll ok: 1449 Dublin Bus trips, 305 new/changed stop delays, 25 new/changed trips
2026-09-23 20:57:38,131 INFO poll ok: 1449 Dublin Bus trips, 189 new/changed stop delays, 25 new/changed trips
2026-09-23 20:58:41,575 INFO poll ok: 1448 Dublin Bus trips, 179 new/changed stop delays, 9 new/changed trips
2026-09-23 20:59:42,991 INFO poll ok: 1449 Dublin Bus trips, 233 new/changed stop delays, 9 new/changed trips
2026-09-23 21:00:41,106 INFO poll ok: 1513 Dublin Bus trips, 1253 new/changed stop delays, 74 new/changed trips
2026-09-23 21:01:43,371 INFO poll ok: 1513 Dublin Bus trips, 220 new/changed stop delays, 9 new/changed trips
2026-09-23 21:02:45,821 INFO poll ok: 1511 Dublin Bus trips, 259 new/changed stop delays, 48 new/changed trips
2026-09-23 21:03:52,014 INFO poll ok: 1512 Dublin Bus trips, 183 new/changed stop delays, 15 new/changed trips
2026-09-23 21:04:52,577 INFO poll ok: 1513 Dublin Bus trips, 146 new/changed stop delays, 12 new/changed trips
2026-09-23 21:05:53,165 INFO poll ok: 1514 Dublin Bus trips, 276 new/changed stop delays, 25 new/changed trips
2026-09-23 21:06:57,684 INFO poll ok: 1525 Dublin Bus trips, 453 new/changed stop delays, 15 new/changed trips
2026-09-23 21:08:03,611 INFO poll ok: 1529 Dublin Bus trips, 283 new/changed stop delays, 29 new/changed trips
2026-09-23 21:09:00,881 INFO poll ok: 1533 Dublin Bus trips, 240 new/changed stop delays, 10 new/changed trips
2026-09-23 21:10:01,434 INFO poll ok: 1537 Dublin Bus trips, 190 new/changed stop delays, 9 new/changed trips
2026-09-23 21:11:01,806 INFO poll ok: 1558 Dublin Bus trips, 598 new/changed stop delays, 47 new/changed trips
2026-09-23 21:12:03,368 INFO poll ok: 1559 Dublin Bus trips, 235 new/changed stop delays, 38 new/changed trips
2026-09-23 21:13:08,360 INFO poll ok: 1561 Dublin Bus trips, 197 new/changed stop delays, 18 new/changed trips
2026-09-23 21:14:07,293 INFO poll ok: 1563 Dublin Bus trips, 171 new/changed stop delays, 19 new/changed trips
2026-09-23 21:15:09,904 INFO poll ok: 1561 Dublin Bus trips, 193 new/changed stop delays, 13 new/changed trips
2026-09-23 21:16:12,630 INFO poll ok: 1276 Dublin Bus trips, 887 new/changed stop delays, 42 new/changed trips
2026-09-23 21:17:19,598 INFO poll ok: 1279 Dublin Bus trips, 196 new/changed stop delays, 22 new/changed trips
2026-09-23 21:18:18,051 INFO poll ok: 1289 Dublin Bus trips, 331 new/changed stop delays, 21 new/changed trips
2026-09-23 21:19:19,057 INFO poll ok: 1286 Dublin Bus trips, 146 new/changed stop delays, 3 new/changed trips
2026-09-23 21:20:23,004 INFO poll ok: 1313 Dublin Bus trips, 724 new/changed stop delays, 40 new/changed trips
2026-09-23 21:21:22,375 INFO poll ok: 1310 Dublin Bus trips, 139 new/changed stop delays, 16 new/changed trips
2026-09-23 21:22:25,512 INFO poll ok: 1313 Dublin Bus trips, 223 new/changed stop delays, 30 new/changed trips
2026-09-23 21:23:25,926 INFO poll ok: 1316 Dublin Bus trips, 247 new/changed stop delays, 20 new/changed trips
2026-09-23 21:24:28,527 INFO poll ok: 1316 Dublin Bus trips, 190 new/changed stop delays, 15 new/changed trips
2026-09-23 21:25:35,260 INFO poll ok: 1319 Dublin Bus trips, 279 new/changed stop delays, 41 new/changed trips
2026-09-23 21:26:34,897 INFO poll ok: 1326 Dublin Bus trips, 228 new/changed stop delays, 15 new/changed trips
2026-09-23 21:27:33,476 INFO poll ok: 1326 Dublin Bus trips, 193 new/changed stop delays, 23 new/changed trips
2026-09-23 21:28:37,428 INFO poll ok: 1327 Dublin Bus trips, 135 new/changed stop delays, 18 new/changed trips
2026-09-23 21:29:36,452 INFO poll ok: 1326 Dublin Bus trips, 239 new/changed stop delays, 15 new/changed trips
2026-09-23 21:30:44,123 INFO poll ok: 1382 Dublin Bus trips, 1290 new/changed stop delays, 67 new/changed trips
2026-09-23 21:31:45,322 INFO poll ok: 1383 Dublin Bus trips, 132 new/changed stop delays, 10 new/changed trips
2026-09-23 21:32:48,882 INFO poll ok: 1388 Dublin Bus trips, 237 new/changed stop delays, 39 new/changed trips
2026-09-23 21:33:51,183 INFO poll ok: 1387 Dublin Bus trips, 179 new/changed stop delays, 26 new/changed trips
2026-09-23 21:34:57,991 INFO poll ok: 1384 Dublin Bus trips, 134 new/changed stop delays, 8 new/changed trips
2026-09-23 21:35:51,344 INFO poll ok: 1397 Dublin Bus trips, 342 new/changed stop delays, 32 new/changed trips
2026-09-23 21:36:57,135 INFO poll ok: 1399 Dublin Bus trips, 193 new/changed stop delays, 9 new/changed trips
2026-09-23 21:37:54,073 INFO poll ok: 1403 Dublin Bus trips, 253 new/changed stop delays, 21 new/changed trips
2026-09-23 21:38:55,433 INFO poll ok: 1404 Dublin Bus trips, 182 new/changed stop delays, 14 new/changed trips
2026-09-23 21:39:58,316 INFO poll ok: 1403 Dublin Bus trips, 159 new/changed stop delays, 14 new/changed trips
2026-09-23 21:40:59,323 INFO poll ok: 1432 Dublin Bus trips, 818 new/changed stop delays, 54 new/changed trips
2026-09-23 21:42:01,151 INFO poll ok: 1433 Dublin Bus trips, 207 new/changed stop delays, 13 new/changed trips
2026-09-23 21:43:05,895 INFO poll ok: 1445 Dublin Bus trips, 365 new/changed stop delays, 38 new/changed trips
2026-09-23 21:44:05,878 INFO poll ok: 1449 Dublin Bus trips, 175 new/changed stop delays, 11 new/changed trips
2026-09-23 21:45:10,191 INFO poll ok: 1454 Dublin Bus trips, 258 new/changed stop delays, 16 new/changed trips
2026-09-23 21:46:10,571 INFO poll ok: 1474 Dublin Bus trips, 503 new/changed stop delays, 38 new/changed trips
2026-09-23 21:47:10,610 INFO poll ok: 1206 Dublin Bus trips, 406 new/changed stop delays, 30 new/changed trips
2026-09-23 21:48:14,235 INFO poll ok: 1211 Dublin Bus trips, 209 new/changed stop delays, 14 new/changed trips
2026-09-23 21:49:18,298 INFO poll ok: 1210 Dublin Bus trips, 187 new/changed stop delays, 7 new/changed trips
2026-09-23 21:50:22,686 INFO poll ok: 1231 Dublin Bus trips, 618 new/changed stop delays, 43 new/changed trips
2026-09-23 21:51:19,304 INFO poll ok: 1229 Dublin Bus trips, 134 new/changed stop delays, 12 new/changed trips
2026-09-23 21:52:21,658 INFO poll ok: 1234 Dublin Bus trips, 242 new/changed stop delays, 30 new/changed trips
2026-09-23 21:53:24,919 INFO poll ok: 1239 Dublin Bus trips, 211 new/changed stop delays, 14 new/changed trips
2026-09-23 21:54:26,179 INFO poll ok: 1251 Dublin Bus trips, 366 new/changed stop delays, 19 new/changed trips
2026-09-23 21:55:26,981 INFO poll ok: 1257 Dublin Bus trips, 390 new/changed stop delays, 24 new/changed trips
2026-09-23 21:56:30,438 INFO poll ok: 1257 Dublin Bus trips, 182 new/changed stop delays, 25 new/changed trips
2026-09-23 21:57:32,013 INFO poll ok: 1260 Dublin Bus trips, 206 new/changed stop delays, 17 new/changed trips
2026-09-23 21:58:35,609 INFO poll ok: 1261 Dublin Bus trips, 172 new/changed stop delays, 14 new/changed trips
2026-09-23 21:59:38,287 INFO poll ok: 1266 Dublin Bus trips, 220 new/changed stop delays, 13 new/changed trips
2026-09-23 22:00:43,846 INFO poll ok: 1318 Dublin Bus trips, 1244 new/changed stop delays, 75 new/changed trips
2026-09-23 22:01:39,763 INFO poll ok: 1318 Dublin Bus trips, 205 new/changed stop delays, 11 new/changed trips
2026-09-23 22:02:41,314 INFO poll ok: 1318 Dublin Bus trips, 222 new/changed stop delays, 20 new/changed trips
2026-09-23 22:03:43,239 INFO poll ok: 1319 Dublin Bus trips, 211 new/changed stop delays, 21 new/changed trips
2026-09-23 22:04:59,105 INFO poll ok: 1320 Dublin Bus trips, 147 new/changed stop delays, 17 new/changed trips
2026-09-23 22:05:57,307 INFO poll ok: 1324 Dublin Bus trips, 256 new/changed stop delays, 15 new/changed trips
2026-09-23 22:06:52,505 INFO poll ok: 1334 Dublin Bus trips, 357 new/changed stop delays, 24 new/changed trips
2026-09-23 22:08:10,943 INFO poll ok: 1339 Dublin Bus trips, 202 new/changed stop delays, 24 new/changed trips
2026-09-23 22:09:01,141 INFO poll ok: 1343 Dublin Bus trips, 198 new/changed stop delays, 15 new/changed trips
2026-09-23 22:09:57,777 INFO poll ok: 1346 Dublin Bus trips, 230 new/changed stop delays, 21 new/changed trips
2026-09-23 22:10:59,681 INFO poll ok: 1372 Dublin Bus trips, 697 new/changed stop delays, 47 new/changed trips
2026-09-23 22:12:19,633 INFO poll ok: 1372 Dublin Bus trips, 154 new/changed stop delays, 15 new/changed trips
2026-09-23 22:13:01,429 INFO poll ok: 1373 Dublin Bus trips, 220 new/changed stop delays, 17 new/changed trips
2026-09-23 22:14:13,528 INFO poll ok: 1375 Dublin Bus trips, 215 new/changed stop delays, 12 new/changed trips
2026-09-23 22:15:07,739 INFO poll ok: 1378 Dublin Bus trips, 287 new/changed stop delays, 16 new/changed trips
2026-09-23 22:16:09,337 INFO poll ok: 1397 Dublin Bus trips, 678 new/changed stop delays, 36 new/changed trips
2026-09-23 22:17:10,717 INFO poll ok: 1179 Dublin Bus trips, 375 new/changed stop delays, 17 new/changed trips
2026-09-23 22:18:25,199 INFO poll ok: 1187 Dublin Bus trips, 325 new/changed stop delays, 30 new/changed trips
2026-09-23 22:19:17,680 INFO poll ok: 1185 Dublin Bus trips, 233 new/changed stop delays, 4 new/changed trips
2026-09-23 22:20:19,734 INFO poll ok: 1211 Dublin Bus trips, 723 new/changed stop delays, 34 new/changed trips
2026-09-23 22:21:22,411 INFO poll ok: 1213 Dublin Bus trips, 198 new/changed stop delays, 10 new/changed trips
2026-09-23 22:22:21,183 INFO poll ok: 1216 Dublin Bus trips, 199 new/changed stop delays, 13 new/changed trips
2026-09-23 22:23:28,455 INFO poll ok: 1218 Dublin Bus trips, 252 new/changed stop delays, 20 new/changed trips
2026-09-23 22:24:47,429 INFO poll ok: 1220 Dublin Bus trips, 174 new/changed stop delays, 14 new/changed trips
2026-09-23 22:25:32,783 INFO poll ok: 1229 Dublin Bus trips, 350 new/changed stop delays, 40 new/changed trips
2026-09-23 22:26:33,306 INFO poll ok: 1225 Dublin Bus trips, 180 new/changed stop delays, 14 new/changed trips
2026-09-23 22:27:41,378 INFO poll ok: 1226 Dublin Bus trips, 163 new/changed stop delays, 15 new/changed trips
2026-09-23 22:28:31,935 INFO poll ok: 1225 Dublin Bus trips, 148 new/changed stop delays, 7 new/changed trips
2026-09-23 22:29:36,299 INFO poll ok: 1227 Dublin Bus trips, 236 new/changed stop delays, 17 new/changed trips
2026-09-23 22:30:36,459 INFO poll ok: 1285 Dublin Bus trips, 1345 new/changed stop delays, 74 new/changed trips
2026-09-23 22:31:37,752 INFO poll ok: 1280 Dublin Bus trips, 169 new/changed stop delays, 7 new/changed trips
2026-09-23 22:32:40,189 INFO poll ok: 1290 Dublin Bus trips, 321 new/changed stop delays, 19 new/changed trips
2026-09-23 22:33:42,455 INFO poll ok: 1288 Dublin Bus trips, 171 new/changed stop delays, 18 new/changed trips
2026-09-23 22:34:45,319 INFO poll ok: 1287 Dublin Bus trips, 192 new/changed stop delays, 7 new/changed trips
2026-09-23 22:35:46,595 INFO poll ok: 1291 Dublin Bus trips, 248 new/changed stop delays, 21 new/changed trips
2026-09-23 22:36:48,627 INFO poll ok: 1295 Dublin Bus trips, 288 new/changed stop delays, 24 new/changed trips
2026-09-23 22:37:51,519 INFO poll ok: 1298 Dublin Bus trips, 215 new/changed stop delays, 23 new/changed trips
2026-09-23 22:38:53,579 INFO poll ok: 1299 Dublin Bus trips, 232 new/changed stop delays, 10 new/changed trips
2026-09-23 22:39:58,343 INFO poll ok: 1299 Dublin Bus trips, 158 new/changed stop delays, 11 new/changed trips
2026-09-23 22:40:58,131 INFO poll ok: 1331 Dublin Bus trips, 790 new/changed stop delays, 58 new/changed trips
2026-09-23 22:42:00,410 INFO poll ok: 1332 Dublin Bus trips, 158 new/changed stop delays, 13 new/changed trips
2026-09-23 22:43:00,744 INFO poll ok: 1342 Dublin Bus trips, 347 new/changed stop delays, 27 new/changed trips
2026-09-23 22:44:04,771 INFO poll ok: 1345 Dublin Bus trips, 220 new/changed stop delays, 9 new/changed trips
2026-09-23 22:45:05,865 INFO poll ok: 1348 Dublin Bus trips, 287 new/changed stop delays, 17 new/changed trips
2026-09-23 22:46:08,535 INFO poll ok: 1370 Dublin Bus trips, 468 new/changed stop delays, 56 new/changed trips
2026-09-23 22:47:10,360 INFO poll ok: 1161 Dublin Bus trips, 361 new/changed stop delays, 11 new/changed trips
2026-09-23 22:48:11,565 INFO poll ok: 1164 Dublin Bus trips, 208 new/changed stop delays, 10 new/changed trips
2026-09-23 22:49:14,701 INFO poll ok: 1167 Dublin Bus trips, 183 new/changed stop delays, 11 new/changed trips
2026-09-23 22:50:15,112 INFO poll ok: 1171 Dublin Bus trips, 299 new/changed stop delays, 16 new/changed trips
2026-09-23 22:51:15,126 INFO poll ok: 1183 Dublin Bus trips, 461 new/changed stop delays, 33 new/changed trips
2026-09-23 22:52:18,911 INFO poll ok: 1190 Dublin Bus trips, 274 new/changed stop delays, 20 new/changed trips
2026-09-23 22:53:28,952 INFO poll ok: 1193 Dublin Bus trips, 278 new/changed stop delays, 16 new/changed trips
2026-09-23 22:54:24,351 INFO poll ok: 1203 Dublin Bus trips, 318 new/changed stop delays, 25 new/changed trips
2026-09-23 22:55:29,410 INFO poll ok: 1211 Dublin Bus trips, 387 new/changed stop delays, 34 new/changed trips
2026-09-23 22:56:29,625 INFO poll ok: 1216 Dublin Bus trips, 219 new/changed stop delays, 26 new/changed trips
2026-09-23 22:57:28,176 INFO poll ok: 1217 Dublin Bus trips, 186 new/changed stop delays, 22 new/changed trips
2026-09-23 22:58:29,939 INFO poll ok: 1219 Dublin Bus trips, 170 new/changed stop delays, 8 new/changed trips
2026-09-23 22:59:36,018 INFO poll ok: 1222 Dublin Bus trips, 208 new/changed stop delays, 20 new/changed trips
2026-09-23 23:00:35,233 INFO poll ok: 1283 Dublin Bus trips, 1275 new/changed stop delays, 75 new/changed trips
2026-09-23 23:01:37,955 INFO poll ok: 1283 Dublin Bus trips, 173 new/changed stop delays, 8 new/changed trips
2026-09-23 23:03:04,966 INFO poll ok: 1286 Dublin Bus trips, 293 new/changed stop delays, 16 new/changed trips
2026-09-23 23:03:41,710 INFO poll ok: 1284 Dublin Bus trips, 154 new/changed stop delays, 16 new/changed trips
2026-09-23 23:04:42,953 INFO poll ok: 1281 Dublin Bus trips, 175 new/changed stop delays, 11 new/changed trips
2026-09-23 23:05:44,609 INFO poll ok: 1283 Dublin Bus trips, 191 new/changed stop delays, 19 new/changed trips
2026-09-23 23:06:47,869 INFO poll ok: 1297 Dublin Bus trips, 423 new/changed stop delays, 31 new/changed trips
2026-09-23 23:07:49,002 INFO poll ok: 1298 Dublin Bus trips, 222 new/changed stop delays, 14 new/changed trips
2026-09-23 23:09:12,385 INFO poll ok: 1302 Dublin Bus trips, 213 new/changed stop delays, 17 new/changed trips
2026-09-23 23:09:55,222 INFO poll ok: 1304 Dublin Bus trips, 160 new/changed stop delays, 15 new/changed trips
2026-09-23 23:10:55,703 INFO poll ok: 1323 Dublin Bus trips, 637 new/changed stop delays, 53 new/changed trips
2026-09-23 23:12:01,816 INFO poll ok: 1325 Dublin Bus trips, 165 new/changed stop delays, 5 new/changed trips
2026-09-23 23:13:07,355 INFO poll ok: 1329 Dublin Bus trips, 226 new/changed stop delays, 27 new/changed trips
2026-09-23 23:14:02,194 INFO poll ok: 1332 Dublin Bus trips, 181 new/changed stop delays, 12 new/changed trips
2026-09-23 23:15:07,936 INFO poll ok: 1335 Dublin Bus trips, 269 new/changed stop delays, 14 new/changed trips
2026-09-23 23:16:38,319 INFO poll ok: 1354 Dublin Bus trips, 554 new/changed stop delays, 30 new/changed trips
2026-09-23 23:17:11,487 INFO poll ok: 1157 Dublin Bus trips, 388 new/changed stop delays, 11 new/changed trips
2026-09-23 23:18:13,810 INFO poll ok: 1157 Dublin Bus trips, 226 new/changed stop delays, 21 new/changed trips
2026-09-23 23:19:11,962 INFO poll ok: 1172 Dublin Bus trips, 435 new/changed stop delays, 21 new/changed trips
2026-09-23 23:20:11,724 INFO poll ok: 1171 Dublin Bus trips, 126 new/changed stop delays, 9 new/changed trips
2026-09-23 23:21:13,670 INFO poll ok: 1199 Dublin Bus trips, 706 new/changed stop delays, 42 new/changed trips
2026-09-23 23:22:21,814 INFO poll ok: 1206 Dublin Bus trips, 371 new/changed stop delays, 19 new/changed trips
2026-09-23 23:23:19,501 INFO poll ok: 1205 Dublin Bus trips, 169 new/changed stop delays, 19 new/changed trips
2026-09-23 23:24:24,076 INFO poll ok: 1212 Dublin Bus trips, 289 new/changed stop delays, 20 new/changed trips
2026-09-23 23:25:26,416 INFO poll ok: 1222 Dublin Bus trips, 435 new/changed stop delays, 22 new/changed trips
2026-09-23 23:26:32,489 INFO poll ok: 1221 Dublin Bus trips, 176 new/changed stop delays, 42 new/changed trips
2026-09-23 23:27:26,919 INFO poll ok: 1220 Dublin Bus trips, 179 new/changed stop delays, 11 new/changed trips
2026-09-23 23:28:30,249 INFO poll ok: 1219 Dublin Bus trips, 195 new/changed stop delays, 14 new/changed trips
2026-09-23 23:29:32,409 INFO poll ok: 1220 Dublin Bus trips, 233 new/changed stop delays, 14 new/changed trips
2026-09-23 23:31:25,501 INFO poll ok: 1276 Dublin Bus trips, 1313 new/changed stop delays, 74 new/changed trips
2026-09-23 23:32:25,573 INFO poll ok: 1276 Dublin Bus trips, 154 new/changed stop delays, 16 new/changed trips
2026-09-23 23:33:17,181 INFO poll ok: 1280 Dublin Bus trips, 272 new/changed stop delays, 28 new/changed trips
2026-09-23 23:33:59,574 INFO poll ok: 1281 Dublin Bus trips, 200 new/changed stop delays, 20 new/changed trips
2026-09-23 23:34:42,172 INFO poll ok: 1281 Dublin Bus trips, 201 new/changed stop delays, 12 new/changed trips
2026-09-23 23:35:43,614 INFO poll ok: 1285 Dublin Bus trips, 237 new/changed stop delays, 15 new/changed trips
2026-09-23 23:36:44,954 INFO poll ok: 1290 Dublin Bus trips, 254 new/changed stop delays, 24 new/changed trips
2026-09-23 23:37:50,641 INFO poll ok: 1291 Dublin Bus trips, 231 new/changed stop delays, 13 new/changed trips
2026-09-23 23:39:03,475 INFO poll ok: 1292 Dublin Bus trips, 201 new/changed stop delays, 11 new/changed trips
2026-09-23 23:39:50,565 INFO poll ok: 1293 Dublin Bus trips, 152 new/changed stop delays, 6 new/changed trips
2026-09-23 23:40:51,579 INFO poll ok: 1320 Dublin Bus trips, 700 new/changed stop delays, 50 new/changed trips
2026-09-23 23:41:55,264 INFO poll ok: 1322 Dublin Bus trips, 223 new/changed stop delays, 11 new/changed trips
2026-09-23 23:42:58,463 INFO poll ok: 1335 Dublin Bus trips, 355 new/changed stop delays, 23 new/changed trips
2026-09-23 23:44:01,050 INFO poll ok: 1335 Dublin Bus trips, 163 new/changed stop delays, 7 new/changed trips
2026-09-23 23:45:02,542 INFO poll ok: 1338 Dublin Bus trips, 299 new/changed stop delays, 12 new/changed trips
2026-09-23 23:46:07,434 INFO poll ok: 1359 Dublin Bus trips, 617 new/changed stop delays, 52 new/changed trips
2026-09-23 23:47:08,001 INFO poll ok: 1163 Dublin Bus trips, 311 new/changed stop delays, 14 new/changed trips
2026-09-23 23:48:06,401 INFO poll ok: 1166 Dublin Bus trips, 196 new/changed stop delays, 9 new/changed trips
2026-09-23 23:49:23,619 INFO poll ok: 1166 Dublin Bus trips, 166 new/changed stop delays, 8 new/changed trips
2026-09-23 23:50:09,909 INFO poll ok: 1167 Dublin Bus trips, 196 new/changed stop delays, 13 new/changed trips
2026-09-23 23:51:12,035 INFO poll ok: 1184 Dublin Bus trips, 579 new/changed stop delays, 36 new/changed trips
2026-09-23 23:52:28,566 INFO poll ok: 1194 Dublin Bus trips, 268 new/changed stop delays, 17 new/changed trips
2026-09-23 23:53:16,517 INFO poll ok: 1196 Dublin Bus trips, 276 new/changed stop delays, 22 new/changed trips
2026-09-23 23:54:21,009 INFO poll ok: 1208 Dublin Bus trips, 364 new/changed stop delays, 21 new/changed trips
2026-09-23 23:55:20,139 INFO poll ok: 1220 Dublin Bus trips, 411 new/changed stop delays, 44 new/changed trips
2026-09-23 23:56:22,179 INFO poll ok: 1225 Dublin Bus trips, 188 new/changed stop delays, 31 new/changed trips
2026-09-23 23:57:25,979 INFO poll ok: 1227 Dublin Bus trips, 186 new/changed stop delays, 11 new/changed trips
2026-09-23 23:58:26,078 INFO poll ok: 1229 Dublin Bus trips, 131 new/changed stop delays, 14 new/changed trips
2026-09-23 23:59:45,635 INFO poll ok: 1226 Dublin Bus trips, 161 new/changed stop delays, 11 new/changed trips
2026-09-24 00:00:33,632 INFO poll ok: 1275 Dublin Bus trips, 1169 new/changed stop delays, 67 new/changed trips
2026-09-24 00:01:38,640 INFO poll ok: 1279 Dublin Bus trips, 154 new/changed stop delays, 9 new/changed trips
2026-09-24 00:02:37,626 INFO poll ok: 1286 Dublin Bus trips, 320 new/changed stop delays, 32 new/changed trips
2026-09-24 00:03:37,453 INFO poll ok: 1285 Dublin Bus trips, 153 new/changed stop delays, 8 new/changed trips
2026-09-24 00:04:40,524 INFO poll ok: 1287 Dublin Bus trips, 228 new/changed stop delays, 13 new/changed trips
2026-09-24 00:05:40,318 INFO poll ok: 1293 Dublin Bus trips, 224 new/changed stop delays, 20 new/changed trips
2026-09-24 00:06:47,882 INFO poll ok: 1303 Dublin Bus trips, 353 new/changed stop delays, 20 new/changed trips
2026-09-24 00:07:59,021 INFO poll ok: 1305 Dublin Bus trips, 191 new/changed stop delays, 22 new/changed trips
2026-09-24 00:08:48,181 INFO poll ok: 1308 Dublin Bus trips, 271 new/changed stop delays, 15 new/changed trips
2026-09-24 00:09:50,093 INFO poll ok: 1307 Dublin Bus trips, 152 new/changed stop delays, 5 new/changed trips
2026-09-24 00:10:54,164 INFO poll ok: 1332 Dublin Bus trips, 742 new/changed stop delays, 57 new/changed trips
2026-09-24 00:11:54,476 INFO poll ok: 1333 Dublin Bus trips, 176 new/changed stop delays, 14 new/changed trips
2026-09-24 00:12:54,495 INFO poll ok: 1337 Dublin Bus trips, 220 new/changed stop delays, 10 new/changed trips
2026-09-24 00:13:56,767 INFO poll ok: 1335 Dublin Bus trips, 170 new/changed stop delays, 14 new/changed trips
2026-09-24 00:14:59,957 INFO poll ok: 1337 Dublin Bus trips, 250 new/changed stop delays, 16 new/changed trips
2026-09-24 00:16:01,296 INFO poll ok: 1359 Dublin Bus trips, 616 new/changed stop delays, 38 new/changed trips
2026-09-24 00:17:01,331 INFO poll ok: 1169 Dublin Bus trips, 335 new/changed stop delays, 7 new/changed trips
2026-09-24 00:18:04,474 INFO poll ok: 1169 Dublin Bus trips, 166 new/changed stop delays, 14 new/changed trips
2026-09-24 00:19:05,999 INFO poll ok: 1176 Dublin Bus trips, 314 new/changed stop delays, 15 new/changed trips
2026-09-24 00:20:08,906 INFO poll ok: 1179 Dublin Bus trips, 262 new/changed stop delays, 14 new/changed trips
2026-09-24 00:21:09,658 INFO poll ok: 1200 Dublin Bus trips, 691 new/changed stop delays, 44 new/changed trips
2026-09-24 00:22:27,313 INFO poll ok: 1197 Dublin Bus trips, 160 new/changed stop delays, 8 new/changed trips
2026-09-24 00:23:17,188 INFO poll ok: 1206 Dublin Bus trips, 274 new/changed stop delays, 18 new/changed trips
2026-09-24 00:24:16,219 INFO poll ok: 1208 Dublin Bus trips, 173 new/changed stop delays, 9 new/changed trips
2026-09-24 00:25:18,297 INFO poll ok: 1215 Dublin Bus trips, 367 new/changed stop delays, 23 new/changed trips
2026-09-24 00:26:42,468 INFO poll ok: 1215 Dublin Bus trips, 262 new/changed stop delays, 40 new/changed trips
2026-09-24 00:27:22,722 INFO poll ok: 1214 Dublin Bus trips, 189 new/changed stop delays, 10 new/changed trips
2026-09-24 00:28:38,851 INFO poll ok: 1217 Dublin Bus trips, 187 new/changed stop delays, 15 new/changed trips
2026-09-24 00:29:27,671 INFO poll ok: 1220 Dublin Bus trips, 205 new/changed stop delays, 17 new/changed trips
2026-09-24 00:30:30,463 INFO poll ok: 1278 Dublin Bus trips, 1296 new/changed stop delays, 79 new/changed trips
2026-09-24 00:31:31,747 INFO poll ok: 1280 Dublin Bus trips, 208 new/changed stop delays, 18 new/changed trips
2026-09-24 00:32:34,473 INFO poll ok: 1287 Dublin Bus trips, 273 new/changed stop delays, 19 new/changed trips
2026-09-24 00:33:36,657 INFO poll ok: 1286 Dublin Bus trips, 158 new/changed stop delays, 17 new/changed trips
2026-09-24 00:34:40,559 INFO poll ok: 1286 Dublin Bus trips, 258 new/changed stop delays, 16 new/changed trips
2026-09-24 00:35:50,678 INFO poll ok: 1292 Dublin Bus trips, 277 new/changed stop delays, 20 new/changed trips
2026-09-24 00:36:41,168 INFO poll ok: 1294 Dublin Bus trips, 205 new/changed stop delays, 21 new/changed trips
2026-09-24 00:37:45,852 INFO poll ok: 1297 Dublin Bus trips, 274 new/changed stop delays, 21 new/changed trips
2026-09-24 00:38:57,860 INFO poll ok: 1302 Dublin Bus trips, 251 new/changed stop delays, 13 new/changed trips
2026-09-24 00:39:48,463 INFO poll ok: 1300 Dublin Bus trips, 158 new/changed stop delays, 19 new/changed trips
2026-09-24 00:40:50,219 INFO poll ok: 1329 Dublin Bus trips, 824 new/changed stop delays, 48 new/changed trips
2026-09-24 00:41:52,496 INFO poll ok: 1333 Dublin Bus trips, 268 new/changed stop delays, 13 new/changed trips
2026-09-24 00:42:52,432 INFO poll ok: 1344 Dublin Bus trips, 363 new/changed stop delays, 15 new/changed trips
2026-09-24 00:43:56,763 INFO poll ok: 1345 Dublin Bus trips, 185 new/changed stop delays, 14 new/changed trips
2026-09-24 00:44:59,376 INFO poll ok: 1348 Dublin Bus trips, 196 new/changed stop delays, 19 new/changed trips
2026-09-24 00:46:00,342 INFO poll ok: 1370 Dublin Bus trips, 533 new/changed stop delays, 36 new/changed trips
2026-09-24 00:47:01,163 INFO poll ok: 1197 Dublin Bus trips, 345 new/changed stop delays, 16 new/changed trips
2026-09-24 00:48:01,994 INFO poll ok: 1198 Dublin Bus trips, 197 new/changed stop delays, 17 new/changed trips
2026-09-24 00:49:03,627 INFO poll ok: 1200 Dublin Bus trips, 225 new/changed stop delays, 13 new/changed trips
2026-09-24 00:50:07,258 INFO poll ok: 1201 Dublin Bus trips, 195 new/changed stop delays, 10 new/changed trips
2026-09-24 00:51:09,088 INFO poll ok: 1216 Dublin Bus trips, 534 new/changed stop delays, 30 new/changed trips
2026-09-24 00:52:10,294 INFO poll ok: 1217 Dublin Bus trips, 161 new/changed stop delays, 12 new/changed trips
2026-09-24 00:53:13,204 INFO poll ok: 1219 Dublin Bus trips, 246 new/changed stop delays, 15 new/changed trips
2026-09-24 00:54:14,938 INFO poll ok: 1219 Dublin Bus trips, 261 new/changed stop delays, 11 new/changed trips
2026-09-24 00:55:19,472 INFO poll ok: 1227 Dublin Bus trips, 377 new/changed stop delays, 26 new/changed trips
2026-09-24 00:56:18,043 INFO poll ok: 1236 Dublin Bus trips, 431 new/changed stop delays, 28 new/changed trips
2026-09-24 00:57:19,768 INFO poll ok: 1237 Dublin Bus trips, 268 new/changed stop delays, 15 new/changed trips
2026-09-24 00:58:22,960 INFO poll ok: 1239 Dublin Bus trips, 186 new/changed stop delays, 10 new/changed trips
2026-09-24 00:59:25,711 INFO poll ok: 1243 Dublin Bus trips, 207 new/changed stop delays, 8 new/changed trips
2026-09-24 01:00:28,408 INFO poll ok: 1295 Dublin Bus trips, 1288 new/changed stop delays, 74 new/changed trips
2026-09-24 01:01:28,613 INFO poll ok: 1301 Dublin Bus trips, 295 new/changed stop delays, 20 new/changed trips
2026-09-24 01:02:33,179 INFO poll ok: 1303 Dublin Bus trips, 245 new/changed stop delays, 21 new/changed trips
2026-09-24 01:03:34,433 INFO poll ok: 1304 Dublin Bus trips, 236 new/changed stop delays, 20 new/changed trips
2026-09-24 01:04:37,014 INFO poll ok: 1306 Dublin Bus trips, 201 new/changed stop delays, 14 new/changed trips
2026-09-24 01:05:37,993 INFO poll ok: 1314 Dublin Bus trips, 331 new/changed stop delays, 20 new/changed trips
2026-09-24 01:06:42,683 INFO poll ok: 1319 Dublin Bus trips, 329 new/changed stop delays, 16 new/changed trips
2026-09-24 01:07:41,570 INFO poll ok: 1326 Dublin Bus trips, 240 new/changed stop delays, 15 new/changed trips
2026-09-24 01:08:54,944 INFO poll ok: 1330 Dublin Bus trips, 229 new/changed stop delays, 27 new/changed trips
2026-09-24 01:09:46,455 INFO poll ok: 1330 Dublin Bus trips, 135 new/changed stop delays, 9 new/changed trips
2026-09-24 01:10:47,527 INFO poll ok: 1358 Dublin Bus trips, 712 new/changed stop delays, 41 new/changed trips
2026-09-24 01:11:53,762 INFO poll ok: 1360 Dublin Bus trips, 217 new/changed stop delays, 9 new/changed trips
2026-09-24 01:12:51,613 INFO poll ok: 1363 Dublin Bus trips, 184 new/changed stop delays, 19 new/changed trips
2026-09-24 01:14:02,802 INFO poll ok: 1364 Dublin Bus trips, 233 new/changed stop delays, 11 new/changed trips
2026-09-24 01:14:55,858 INFO poll ok: 1364 Dublin Bus trips, 141 new/changed stop delays, 11 new/changed trips
2026-09-24 01:15:56,991 INFO poll ok: 1379 Dublin Bus trips, 476 new/changed stop delays, 35 new/changed trips
2026-09-24 01:16:59,274 INFO poll ok: 1191 Dublin Bus trips, 383 new/changed stop delays, 19 new/changed trips
2026-09-24 01:17:59,936 INFO poll ok: 1197 Dublin Bus trips, 253 new/changed stop delays, 19 new/changed trips
2026-09-24 01:19:02,737 INFO poll ok: 1208 Dublin Bus trips, 488 new/changed stop delays, 21 new/changed trips
2026-09-24 01:20:07,050 INFO poll ok: 1206 Dublin Bus trips, 173 new/changed stop delays, 15 new/changed trips
2026-09-24 01:21:09,716 INFO poll ok: 1236 Dublin Bus trips, 740 new/changed stop delays, 44 new/changed trips
2026-09-24 01:22:13,405 INFO poll ok: 1243 Dublin Bus trips, 293 new/changed stop delays, 13 new/changed trips
2026-09-24 01:23:11,490 INFO poll ok: 1244 Dublin Bus trips, 200 new/changed stop delays, 20 new/changed trips
2026-09-24 01:24:14,519 INFO poll ok: 1248 Dublin Bus trips, 215 new/changed stop delays, 11 new/changed trips
2026-09-24 01:25:15,281 INFO poll ok: 1248 Dublin Bus trips, 176 new/changed stop delays, 14 new/changed trips
2026-09-24 01:26:17,638 INFO poll ok: 1262 Dublin Bus trips, 461 new/changed stop delays, 60 new/changed trips
2026-09-24 01:27:21,345 INFO poll ok: 1263 Dublin Bus trips, 148 new/changed stop delays, 12 new/changed trips
2026-09-24 01:28:22,217 INFO poll ok: 1260 Dublin Bus trips, 172 new/changed stop delays, 12 new/changed trips
2026-09-24 01:29:22,755 INFO poll ok: 1262 Dublin Bus trips, 179 new/changed stop delays, 8 new/changed trips
2026-09-24 01:30:25,869 INFO poll ok: 1326 Dublin Bus trips, 1259 new/changed stop delays, 68 new/changed trips
2026-09-24 01:31:29,720 INFO poll ok: 1325 Dublin Bus trips, 188 new/changed stop delays, 27 new/changed trips
2026-09-24 01:32:29,964 INFO poll ok: 1331 Dublin Bus trips, 265 new/changed stop delays, 18 new/changed trips
2026-09-24 01:33:48,376 INFO poll ok: 1332 Dublin Bus trips, 152 new/changed stop delays, 17 new/changed trips
2026-09-24 01:34:36,674 INFO poll ok: 1333 Dublin Bus trips, 198 new/changed stop delays, 12 new/changed trips
2026-09-24 01:35:40,327 INFO poll ok: 1336 Dublin Bus trips, 283 new/changed stop delays, 36 new/changed trips
2026-09-24 01:36:40,691 INFO poll ok: 1340 Dublin Bus trips, 245 new/changed stop delays, 24 new/changed trips
2026-09-24 01:37:42,812 INFO poll ok: 1345 Dublin Bus trips, 295 new/changed stop delays, 21 new/changed trips
2026-09-24 01:38:42,470 INFO poll ok: 1346 Dublin Bus trips, 131 new/changed stop delays, 7 new/changed trips
2026-09-24 01:39:45,685 INFO poll ok: 1345 Dublin Bus trips, 229 new/changed stop delays, 17 new/changed trips
2026-09-24 01:40:47,568 INFO poll ok: 1375 Dublin Bus trips, 812 new/changed stop delays, 63 new/changed trips
2026-09-24 01:41:48,355 INFO poll ok: 1381 Dublin Bus trips, 255 new/changed stop delays, 17 new/changed trips
2026-09-24 01:42:50,402 INFO poll ok: 1389 Dublin Bus trips, 442 new/changed stop delays, 20 new/changed trips
2026-09-24 01:43:52,098 INFO poll ok: 1390 Dublin Bus trips, 210 new/changed stop delays, 10 new/changed trips
2026-09-24 01:44:54,354 INFO poll ok: 1393 Dublin Bus trips, 191 new/changed stop delays, 16 new/changed trips
2026-09-24 01:46:02,010 INFO poll ok: 1416 Dublin Bus trips, 491 new/changed stop delays, 31 new/changed trips
2026-09-24 01:46:57,639 INFO poll ok: 1234 Dublin Bus trips, 427 new/changed stop delays, 19 new/changed trips
2026-09-24 01:47:59,694 INFO poll ok: 1238 Dublin Bus trips, 240 new/changed stop delays, 13 new/changed trips
2026-09-24 01:49:01,187 INFO poll ok: 1241 Dublin Bus trips, 206 new/changed stop delays, 12 new/changed trips
2026-09-24 01:50:07,042 INFO poll ok: 1242 Dublin Bus trips, 195 new/changed stop delays, 23 new/changed trips
2026-09-24 01:51:06,486 INFO poll ok: 1258 Dublin Bus trips, 526 new/changed stop delays, 38 new/changed trips
2026-09-24 01:52:09,127 INFO poll ok: 1259 Dublin Bus trips, 169 new/changed stop delays, 12 new/changed trips
2026-09-24 01:53:09,909 INFO poll ok: 1269 Dublin Bus trips, 300 new/changed stop delays, 33 new/changed trips
2026-09-24 01:54:11,136 INFO poll ok: 1268 Dublin Bus trips, 219 new/changed stop delays, 11 new/changed trips
2026-09-24 01:55:13,438 INFO poll ok: 1278 Dublin Bus trips, 353 new/changed stop delays, 13 new/changed trips
2026-09-24 01:56:18,925 INFO poll ok: 1295 Dublin Bus trips, 521 new/changed stop delays, 46 new/changed trips
2026-09-24 01:57:22,432 INFO poll ok: 1297 Dublin Bus trips, 249 new/changed stop delays, 12 new/changed trips
2026-09-24 01:58:24,892 INFO poll ok: 1301 Dublin Bus trips, 245 new/changed stop delays, 23 new/changed trips
2026-09-24 01:59:28,447 INFO poll ok: 1304 Dublin Bus trips, 265 new/changed stop delays, 13 new/changed trips
2026-09-24 02:00:57,474 INFO poll ok: 1365 Dublin Bus trips, 1264 new/changed stop delays, 78 new/changed trips
2026-09-24 02:02:17,455 INFO poll ok: 1360 Dublin Bus trips, 211 new/changed stop delays, 12 new/changed trips
2026-09-24 02:02:42,242 INFO poll ok: 1363 Dublin Bus trips, 225 new/changed stop delays, 30 new/changed trips
2026-09-24 02:03:38,795 INFO poll ok: 1357 Dublin Bus trips, 163 new/changed stop delays, 19 new/changed trips
2026-09-24 02:04:32,325 INFO poll ok: 1361 Dublin Bus trips, 252 new/changed stop delays, 18 new/changed trips
2026-09-24 02:05:38,389 INFO poll ok: 1372 Dublin Bus trips, 414 new/changed stop delays, 26 new/changed trips
2026-09-24 02:06:39,434 INFO poll ok: 1380 Dublin Bus trips, 370 new/changed stop delays, 22 new/changed trips
2026-09-24 02:07:37,765 INFO poll ok: 1384 Dublin Bus trips, 248 new/changed stop delays, 17 new/changed trips
2026-09-24 02:08:40,424 INFO poll ok: 1392 Dublin Bus trips, 246 new/changed stop delays, 29 new/changed trips
2026-09-24 02:09:41,351 INFO poll ok: 1391 Dublin Bus trips, 228 new/changed stop delays, 10 new/changed trips
2026-09-24 02:10:42,189 INFO poll ok: 1412 Dublin Bus trips, 643 new/changed stop delays, 39 new/changed trips
2026-09-24 02:11:47,534 INFO poll ok: 1415 Dublin Bus trips, 256 new/changed stop delays, 23 new/changed trips
2026-09-24 02:12:48,584 INFO poll ok: 1420 Dublin Bus trips, 323 new/changed stop delays, 20 new/changed trips
2026-09-24 02:13:50,465 INFO poll ok: 1421 Dublin Bus trips, 191 new/changed stop delays, 15 new/changed trips
2026-09-24 02:14:53,803 INFO poll ok: 1420 Dublin Bus trips, 156 new/changed stop delays, 8 new/changed trips
2026-09-24 02:15:52,605 INFO poll ok: 1445 Dublin Bus trips, 697 new/changed stop delays, 53 new/changed trips
2026-09-24 02:16:56,195 INFO poll ok: 1254 Dublin Bus trips, 421 new/changed stop delays, 17 new/changed trips
2026-09-24 02:17:59,839 INFO poll ok: 1257 Dublin Bus trips, 282 new/changed stop delays, 10 new/changed trips
2026-09-24 02:18:59,459 INFO poll ok: 1265 Dublin Bus trips, 381 new/changed stop delays, 32 new/changed trips
2026-09-24 02:20:01,650 INFO poll ok: 1265 Dublin Bus trips, 244 new/changed stop delays, 13 new/changed trips
2026-09-24 02:21:03,371 INFO poll ok: 1291 Dublin Bus trips, 768 new/changed stop delays, 37 new/changed trips
2026-09-24 02:22:06,062 INFO poll ok: 1294 Dublin Bus trips, 229 new/changed stop delays, 17 new/changed trips
2026-09-24 02:23:06,956 INFO poll ok: 1302 Dublin Bus trips, 297 new/changed stop delays, 27 new/changed trips
2026-09-24 02:24:10,217 INFO poll ok: 1306 Dublin Bus trips, 216 new/changed stop delays, 15 new/changed trips
2026-09-24 02:25:12,000 INFO poll ok: 1312 Dublin Bus trips, 302 new/changed stop delays, 16 new/changed trips
2026-09-24 02:26:13,961 INFO poll ok: 1322 Dublin Bus trips, 421 new/changed stop delays, 34 new/changed trips
2026-09-24 02:27:19,393 INFO poll ok: 1321 Dublin Bus trips, 195 new/changed stop delays, 17 new/changed trips
2026-09-24 02:28:18,278 INFO poll ok: 1325 Dublin Bus trips, 282 new/changed stop delays, 18 new/changed trips
2026-09-24 02:29:19,282 INFO poll ok: 1327 Dublin Bus trips, 254 new/changed stop delays, 9 new/changed trips
2026-09-24 02:30:22,918 INFO poll ok: 1395 Dublin Bus trips, 1488 new/changed stop delays, 80 new/changed trips
2026-09-24 02:31:24,536 INFO poll ok: 1383 Dublin Bus trips, 151 new/changed stop delays, 12 new/changed trips
2026-09-24 02:32:27,671 INFO poll ok: 1391 Dublin Bus trips, 316 new/changed stop delays, 12 new/changed trips
2026-09-24 02:33:32,442 INFO poll ok: 1389 Dublin Bus trips, 192 new/changed stop delays, 26 new/changed trips
2026-09-24 02:34:43,844 INFO poll ok: 1390 Dublin Bus trips, 234 new/changed stop delays, 10 new/changed trips
2026-09-24 02:35:33,632 INFO poll ok: 1398 Dublin Bus trips, 409 new/changed stop delays, 19 new/changed trips
2026-09-24 02:36:36,955 INFO poll ok: 1405 Dublin Bus trips, 377 new/changed stop delays, 22 new/changed trips
2026-09-24 02:37:39,674 INFO poll ok: 1409 Dublin Bus trips, 246 new/changed stop delays, 16 new/changed trips
2026-09-24 02:38:42,836 INFO poll ok: 1411 Dublin Bus trips, 271 new/changed stop delays, 11 new/changed trips
2026-09-24 02:39:40,756 INFO poll ok: 1412 Dublin Bus trips, 202 new/changed stop delays, 15 new/changed trips
2026-09-24 02:40:43,247 INFO poll ok: 1441 Dublin Bus trips, 790 new/changed stop delays, 53 new/changed trips
2026-09-24 02:41:44,676 INFO poll ok: 1445 Dublin Bus trips, 230 new/changed stop delays, 13 new/changed trips
2026-09-24 02:42:48,569 INFO poll ok: 1452 Dublin Bus trips, 388 new/changed stop delays, 22 new/changed trips
2026-09-24 02:43:49,267 INFO poll ok: 1455 Dublin Bus trips, 280 new/changed stop delays, 25 new/changed trips
2026-09-24 02:44:50,779 INFO poll ok: 1459 Dublin Bus trips, 227 new/changed stop delays, 13 new/changed trips
2026-09-24 02:45:52,121 INFO poll ok: 1491 Dublin Bus trips, 711 new/changed stop delays, 48 new/changed trips
2026-09-24 02:46:55,818 INFO poll ok: 1303 Dublin Bus trips, 456 new/changed stop delays, 15 new/changed trips
2026-09-24 02:47:56,923 INFO poll ok: 1305 Dublin Bus trips, 247 new/changed stop delays, 10 new/changed trips
2026-09-24 02:48:59,470 INFO poll ok: 1305 Dublin Bus trips, 232 new/changed stop delays, 16 new/changed trips
2026-09-24 02:49:59,675 INFO poll ok: 1308 Dublin Bus trips, 255 new/changed stop delays, 13 new/changed trips
2026-09-24 02:51:02,275 INFO poll ok: 1342 Dublin Bus trips, 850 new/changed stop delays, 59 new/changed trips
2026-09-24 02:52:05,120 INFO poll ok: 1345 Dublin Bus trips, 287 new/changed stop delays, 18 new/changed trips
2026-09-24 02:53:07,430 INFO poll ok: 1350 Dublin Bus trips, 300 new/changed stop delays, 20 new/changed trips
2026-09-24 02:54:13,947 INFO poll ok: 1360 Dublin Bus trips, 418 new/changed stop delays, 31 new/changed trips
2026-09-24 02:55:12,122 INFO poll ok: 1371 Dublin Bus trips, 431 new/changed stop delays, 23 new/changed trips
2026-09-24 02:56:10,271 INFO poll ok: 1372 Dublin Bus trips, 277 new/changed stop delays, 33 new/changed trips
2026-09-24 02:57:15,502 INFO poll ok: 1375 Dublin Bus trips, 180 new/changed stop delays, 9 new/changed trips
2026-09-24 02:58:16,925 INFO poll ok: 1374 Dublin Bus trips, 259 new/changed stop delays, 16 new/changed trips
2026-09-24 02:59:19,273 INFO poll ok: 1376 Dublin Bus trips, 215 new/changed stop delays, 11 new/changed trips
2026-09-24 03:00:22,337 INFO poll ok: 1442 Dublin Bus trips, 1342 new/changed stop delays, 74 new/changed trips
2026-09-24 03:01:23,630 INFO poll ok: 1436 Dublin Bus trips, 245 new/changed stop delays, 17 new/changed trips
2026-09-24 03:02:24,964 INFO poll ok: 1441 Dublin Bus trips, 343 new/changed stop delays, 24 new/changed trips
2026-09-24 03:03:27,839 INFO poll ok: 1442 Dublin Bus trips, 222 new/changed stop delays, 17 new/changed trips
2026-09-24 03:04:29,988 INFO poll ok: 1447 Dublin Bus trips, 398 new/changed stop delays, 21 new/changed trips
2026-09-24 03:05:30,960 INFO poll ok: 1463 Dublin Bus trips, 501 new/changed stop delays, 24 new/changed trips
2026-09-24 03:06:33,069 INFO poll ok: 1477 Dublin Bus trips, 707 new/changed stop delays, 42 new/changed trips
2026-09-24 03:07:39,329 INFO poll ok: 1481 Dublin Bus trips, 504 new/changed stop delays, 24 new/changed trips
2026-09-24 03:08:38,614 INFO poll ok: 1486 Dublin Bus trips, 329 new/changed stop delays, 9 new/changed trips
2026-09-24 03:09:38,957 INFO poll ok: 1489 Dublin Bus trips, 287 new/changed stop delays, 16 new/changed trips
2026-09-24 03:10:43,998 INFO poll ok: 1521 Dublin Bus trips, 1022 new/changed stop delays, 50 new/changed trips
2026-09-24 03:11:43,822 INFO poll ok: 1524 Dublin Bus trips, 208 new/changed stop delays, 7 new/changed trips
2026-09-24 03:12:44,781 INFO poll ok: 1525 Dublin Bus trips, 300 new/changed stop delays, 15 new/changed trips
2026-09-24 03:13:48,576 INFO poll ok: 1527 Dublin Bus trips, 305 new/changed stop delays, 21 new/changed trips
2026-09-24 03:14:52,006 INFO poll ok: 1527 Dublin Bus trips, 168 new/changed stop delays, 14 new/changed trips
2026-09-24 03:15:50,625 INFO poll ok: 1554 Dublin Bus trips, 692 new/changed stop delays, 49 new/changed trips
2026-09-24 03:16:52,740 INFO poll ok: 1378 Dublin Bus trips, 432 new/changed stop delays, 19 new/changed trips
2026-09-24 03:17:55,983 INFO poll ok: 1383 Dublin Bus trips, 323 new/changed stop delays, 18 new/changed trips
2026-09-24 03:19:00,506 INFO poll ok: 1392 Dublin Bus trips, 396 new/changed stop delays, 22 new/changed trips
2026-09-24 03:19:58,514 INFO poll ok: 1393 Dublin Bus trips, 314 new/changed stop delays, 20 new/changed trips
2026-09-24 03:21:01,361 INFO poll ok: 1431 Dublin Bus trips, 950 new/changed stop delays, 53 new/changed trips
2026-09-24 03:22:17,034 INFO poll ok: 1436 Dublin Bus trips, 463 new/changed stop delays, 18 new/changed trips
2026-09-24 03:23:09,501 INFO poll ok: 1444 Dublin Bus trips, 353 new/changed stop delays, 21 new/changed trips
2026-09-24 03:24:06,822 INFO poll ok: 1442 Dublin Bus trips, 185 new/changed stop delays, 19 new/changed trips
2026-09-24 03:25:08,643 INFO poll ok: 1449 Dublin Bus trips, 389 new/changed stop delays, 37 new/changed trips
2026-09-24 03:26:12,631 INFO poll ok: 1463 Dublin Bus trips, 595 new/changed stop delays, 34 new/changed trips
2026-09-24 03:27:13,721 INFO poll ok: 1467 Dublin Bus trips, 251 new/changed stop delays, 14 new/changed trips
2026-09-24 03:28:15,027 INFO poll ok: 1472 Dublin Bus trips, 328 new/changed stop delays, 16 new/changed trips
2026-09-24 03:29:19,322 INFO poll ok: 1473 Dublin Bus trips, 257 new/changed stop delays, 14 new/changed trips
2026-09-24 03:30:20,993 INFO poll ok: 1539 Dublin Bus trips, 1417 new/changed stop delays, 81 new/changed trips
2026-09-24 03:31:25,443 INFO poll ok: 1533 Dublin Bus trips, 235 new/changed stop delays, 19 new/changed trips
2026-09-24 03:32:31,897 INFO poll ok: 1541 Dublin Bus trips, 305 new/changed stop delays, 22 new/changed trips
2026-09-24 03:33:26,312 INFO poll ok: 1541 Dublin Bus trips, 240 new/changed stop delays, 17 new/changed trips
2026-09-24 03:34:30,287 INFO poll ok: 1550 Dublin Bus trips, 334 new/changed stop delays, 28 new/changed trips
2026-09-24 03:35:32,506 INFO poll ok: 1557 Dublin Bus trips, 392 new/changed stop delays, 31 new/changed trips
2026-09-24 03:36:32,049 INFO poll ok: 1558 Dublin Bus trips, 173 new/changed stop delays, 21 new/changed trips
2026-09-24 03:37:33,737 INFO poll ok: 1565 Dublin Bus trips, 428 new/changed stop delays, 22 new/changed trips
2026-09-24 03:38:35,956 INFO poll ok: 1565 Dublin Bus trips, 282 new/changed stop delays, 16 new/changed trips
2026-09-24 03:39:37,448 INFO poll ok: 1565 Dublin Bus trips, 271 new/changed stop delays, 18 new/changed trips
2026-09-24 03:40:39,137 INFO poll ok: 1598 Dublin Bus trips, 845 new/changed stop delays, 55 new/changed trips
2026-09-24 03:41:41,914 INFO poll ok: 1599 Dublin Bus trips, 226 new/changed stop delays, 15 new/changed trips
2026-09-24 03:42:43,784 INFO poll ok: 1612 Dublin Bus trips, 447 new/changed stop delays, 17 new/changed trips
2026-09-24 03:43:49,848 INFO poll ok: 1615 Dublin Bus trips, 316 new/changed stop delays, 21 new/changed trips
2026-09-24 03:44:47,462 INFO poll ok: 1614 Dublin Bus trips, 208 new/changed stop delays, 9 new/changed trips
2026-09-24 03:45:50,567 INFO poll ok: 1649 Dublin Bus trips, 913 new/changed stop delays, 49 new/changed trips
2026-09-24 03:46:52,065 INFO poll ok: 1490 Dublin Bus trips, 431 new/changed stop delays, 24 new/changed trips
2026-09-24 03:47:54,296 INFO poll ok: 1487 Dublin Bus trips, 298 new/changed stop delays, 11 new/changed trips
2026-09-24 03:48:54,810 INFO poll ok: 1490 Dublin Bus trips, 310 new/changed stop delays, 21 new/changed trips
2026-09-24 03:50:07,127 INFO poll ok: 1494 Dublin Bus trips, 349 new/changed stop delays, 21 new/changed trips
2026-09-24 03:51:04,300 INFO poll ok: 1514 Dublin Bus trips, 641 new/changed stop delays, 33 new/changed trips
2026-09-24 03:52:01,576 INFO poll ok: 1515 Dublin Bus trips, 233 new/changed stop delays, 12 new/changed trips
2026-09-24 03:53:08,721 INFO poll ok: 1520 Dublin Bus trips, 417 new/changed stop delays, 20 new/changed trips
2026-09-24 03:54:15,552 INFO poll ok: 1521 Dublin Bus trips, 234 new/changed stop delays, 25 new/changed trips
2026-09-24 03:55:22,599 INFO poll ok: 1532 Dublin Bus trips, 454 new/changed stop delays, 26 new/changed trips
2026-09-24 03:56:10,879 INFO poll ok: 1532 Dublin Bus trips, 288 new/changed stop delays, 44 new/changed trips
2026-09-24 03:57:11,588 INFO poll ok: 1538 Dublin Bus trips, 337 new/changed stop delays, 17 new/changed trips
2026-09-24 03:58:17,634 INFO poll ok: 1541 Dublin Bus trips, 295 new/changed stop delays, 12 new/changed trips
2026-09-24 03:59:19,568 INFO poll ok: 1544 Dublin Bus trips, 202 new/changed stop delays, 18 new/changed trips
2026-09-24 04:00:20,919 INFO poll ok: 1545 Dublin Bus trips, 250 new/changed stop delays, 9 new/changed trips
2026-09-24 04:01:28,796 INFO poll ok: 1604 Dublin Bus trips, 1712 new/changed stop delays, 88 new/changed trips
2026-09-24 04:02:29,840 INFO poll ok: 1608 Dublin Bus trips, 274 new/changed stop delays, 17 new/changed trips
2026-09-24 04:03:29,960 INFO poll ok: 1609 Dublin Bus trips, 312 new/changed stop delays, 24 new/changed trips
2026-09-24 04:04:36,679 INFO poll ok: 1609 Dublin Bus trips, 223 new/changed stop delays, 14 new/changed trips
2026-09-24 04:05:39,316 INFO poll ok: 1615 Dublin Bus trips, 299 new/changed stop delays, 11 new/changed trips
2026-09-24 04:06:37,375 INFO poll ok: 1619 Dublin Bus trips, 427 new/changed stop delays, 54 new/changed trips
2026-09-24 04:07:33,183 INFO poll ok: 1632 Dublin Bus trips, 380 new/changed stop delays, 23 new/changed trips
2026-09-24 04:08:34,665 INFO poll ok: 1634 Dublin Bus trips, 290 new/changed stop delays, 16 new/changed trips
2026-09-24 04:09:45,056 INFO poll ok: 1632 Dublin Bus trips, 266 new/changed stop delays, 17 new/changed trips
2026-09-24 04:10:38,093 INFO poll ok: 1654 Dublin Bus trips, 651 new/changed stop delays, 36 new/changed trips
2026-09-24 04:11:47,237 INFO poll ok: 1650 Dublin Bus trips, 331 new/changed stop delays, 14 new/changed trips
2026-09-24 04:12:46,869 INFO poll ok: 1657 Dublin Bus trips, 324 new/changed stop delays, 16 new/changed trips
2026-09-24 04:13:45,515 INFO poll ok: 1658 Dublin Bus trips, 311 new/changed stop delays, 17 new/changed trips
2026-09-24 04:15:14,502 INFO poll ok: 1660 Dublin Bus trips, 281 new/changed stop delays, 21 new/changed trips
2026-09-24 04:15:53,931 INFO poll ok: 1684 Dublin Bus trips, 884 new/changed stop delays, 46 new/changed trips
2026-09-24 04:16:51,756 INFO poll ok: 1480 Dublin Bus trips, 545 new/changed stop delays, 22 new/changed trips
2026-09-24 04:17:53,340 INFO poll ok: 1479 Dublin Bus trips, 238 new/changed stop delays, 11 new/changed trips
2026-09-24 04:18:54,101 INFO poll ok: 1483 Dublin Bus trips, 354 new/changed stop delays, 22 new/changed trips
2026-09-24 04:20:06,646 INFO poll ok: 1488 Dublin Bus trips, 298 new/changed stop delays, 17 new/changed trips
2026-09-24 04:21:01,642 INFO poll ok: 1507 Dublin Bus trips, 612 new/changed stop delays, 31 new/changed trips
2026-09-24 04:22:05,122 INFO poll ok: 1505 Dublin Bus trips, 274 new/changed stop delays, 12 new/changed trips
2026-09-24 04:23:09,422 INFO poll ok: 1513 Dublin Bus trips, 506 new/changed stop delays, 27 new/changed trips
2026-09-24 04:24:24,310 INFO poll ok: 1511 Dublin Bus trips, 280 new/changed stop delays, 22 new/changed trips
2026-09-24 04:25:18,253 INFO poll ok: 1517 Dublin Bus trips, 287 new/changed stop delays, 13 new/changed trips
2026-09-24 04:26:10,448 INFO poll ok: 1525 Dublin Bus trips, 448 new/changed stop delays, 30 new/changed trips
2026-09-24 04:27:36,256 INFO poll ok: 1531 Dublin Bus trips, 303 new/changed stop delays, 25 new/changed trips
2026-09-24 04:28:17,018 INFO poll ok: 1529 Dublin Bus trips, 237 new/changed stop delays, 5 new/changed trips
2026-09-24 04:29:18,897 INFO poll ok: 1525 Dublin Bus trips, 241 new/changed stop delays, 11 new/changed trips
2026-09-24 04:30:20,317 INFO poll ok: 1587 Dublin Bus trips, 1339 new/changed stop delays, 80 new/changed trips
2026-09-24 04:31:19,533 INFO poll ok: 1578 Dublin Bus trips, 259 new/changed stop delays, 17 new/changed trips
2026-09-24 04:32:19,483 INFO poll ok: 1580 Dublin Bus trips, 336 new/changed stop delays, 25 new/changed trips
2026-09-24 04:33:27,221 INFO poll ok: 1583 Dublin Bus trips, 332 new/changed stop delays, 14 new/changed trips
2026-09-24 04:34:27,595 INFO poll ok: 1586 Dublin Bus trips, 319 new/changed stop delays, 23 new/changed trips
2026-09-24 04:35:28,836 INFO poll ok: 1597 Dublin Bus trips, 551 new/changed stop delays, 31 new/changed trips
2026-09-24 04:36:34,300 INFO poll ok: 1601 Dublin Bus trips, 318 new/changed stop delays, 28 new/changed trips
2026-09-24 04:37:59,915 INFO poll ok: 1606 Dublin Bus trips, 265 new/changed stop delays, 16 new/changed trips
2026-09-24 04:38:33,833 INFO poll ok: 1607 Dublin Bus trips, 249 new/changed stop delays, 25 new/changed trips
2026-09-24 04:39:37,413 INFO poll ok: 1608 Dublin Bus trips, 327 new/changed stop delays, 17 new/changed trips
2026-09-24 04:40:35,213 INFO poll ok: 1634 Dublin Bus trips, 704 new/changed stop delays, 43 new/changed trips
2026-09-24 04:41:37,253 INFO poll ok: 1633 Dublin Bus trips, 355 new/changed stop delays, 19 new/changed trips
2026-09-24 04:42:50,525 INFO poll ok: 1638 Dublin Bus trips, 366 new/changed stop delays, 16 new/changed trips
2026-09-24 04:43:59,845 INFO poll ok: 1636 Dublin Bus trips, 207 new/changed stop delays, 15 new/changed trips
2026-09-24 04:44:45,522 INFO poll ok: 1635 Dublin Bus trips, 336 new/changed stop delays, 14 new/changed trips
2026-09-24 04:45:49,442 INFO poll ok: 1670 Dublin Bus trips, 991 new/changed stop delays, 55 new/changed trips
2026-09-24 04:46:46,686 INFO poll ok: 1495 Dublin Bus trips, 422 new/changed stop delays, 7 new/changed trips
2026-09-24 04:47:49,586 INFO poll ok: 1495 Dublin Bus trips, 268 new/changed stop delays, 10 new/changed trips
2026-09-24 04:48:50,699 INFO poll ok: 1502 Dublin Bus trips, 326 new/changed stop delays, 27 new/changed trips
2026-09-24 04:49:57,120 INFO poll ok: 1505 Dublin Bus trips, 387 new/changed stop delays, 16 new/changed trips
2026-09-24 04:50:56,461 INFO poll ok: 1525 Dublin Bus trips, 682 new/changed stop delays, 42 new/changed trips
2026-09-24 04:52:02,728 INFO poll ok: 1525 Dublin Bus trips, 304 new/changed stop delays, 13 new/changed trips
2026-09-24 04:53:01,302 INFO poll ok: 1526 Dublin Bus trips, 311 new/changed stop delays, 10 new/changed trips
2026-09-24 04:54:05,445 INFO poll ok: 1524 Dublin Bus trips, 310 new/changed stop delays, 17 new/changed trips
2026-09-24 04:55:19,653 INFO poll ok: 1533 Dublin Bus trips, 354 new/changed stop delays, 24 new/changed trips
2026-09-24 04:56:06,477 INFO poll ok: 1536 Dublin Bus trips, 427 new/changed stop delays, 27 new/changed trips
2026-09-24 04:57:09,548 INFO poll ok: 1539 Dublin Bus trips, 378 new/changed stop delays, 22 new/changed trips
2026-09-24 04:58:11,585 INFO poll ok: 1538 Dublin Bus trips, 284 new/changed stop delays, 16 new/changed trips
2026-09-24 04:59:13,376 INFO poll ok: 1542 Dublin Bus trips, 365 new/changed stop delays, 27 new/changed trips
2026-09-24 05:00:38,636 INFO poll ok: 1599 Dublin Bus trips, 1387 new/changed stop delays, 77 new/changed trips
2026-09-24 05:01:17,747 INFO poll ok: 1594 Dublin Bus trips, 275 new/changed stop delays, 26 new/changed trips
2026-09-24 05:02:23,809 INFO poll ok: 1599 Dublin Bus trips, 375 new/changed stop delays, 28 new/changed trips
2026-09-24 05:03:37,868 INFO poll ok: 1600 Dublin Bus trips, 359 new/changed stop delays, 18 new/changed trips
2026-09-24 05:04:24,758 INFO poll ok: 1602 Dublin Bus trips, 268 new/changed stop delays, 18 new/changed trips
2026-09-24 05:05:23,947 INFO poll ok: 1608 Dublin Bus trips, 373 new/changed stop delays, 23 new/changed trips
2026-09-24 05:06:26,909 INFO poll ok: 1615 Dublin Bus trips, 337 new/changed stop delays, 27 new/changed trips
2026-09-24 05:07:36,835 INFO poll ok: 1617 Dublin Bus trips, 255 new/changed stop delays, 19 new/changed trips
2026-09-24 05:08:31,768 INFO poll ok: 1619 Dublin Bus trips, 256 new/changed stop delays, 10 new/changed trips
2026-09-24 05:09:34,010 INFO poll ok: 1620 Dublin Bus trips, 241 new/changed stop delays, 23 new/changed trips
2026-09-24 05:10:35,815 INFO poll ok: 1636 Dublin Bus trips, 613 new/changed stop delays, 38 new/changed trips
2026-09-24 05:11:38,175 INFO poll ok: 1633 Dublin Bus trips, 267 new/changed stop delays, 19 new/changed trips
2026-09-24 05:12:38,346 INFO poll ok: 1634 Dublin Bus trips, 183 new/changed stop delays, 10 new/changed trips
2026-09-24 05:13:42,879 INFO poll ok: 1637 Dublin Bus trips, 283 new/changed stop delays, 16 new/changed trips
2026-09-24 05:14:44,241 INFO poll ok: 1633 Dublin Bus trips, 309 new/changed stop delays, 13 new/changed trips
2026-09-24 05:15:45,365 INFO poll ok: 1659 Dublin Bus trips, 827 new/changed stop delays, 38 new/changed trips
2026-09-24 05:16:49,591 INFO poll ok: 1435 Dublin Bus trips, 368 new/changed stop delays, 9 new/changed trips
2026-09-24 05:18:13,265 INFO poll ok: 1440 Dublin Bus trips, 258 new/changed stop delays, 15 new/changed trips
2026-09-24 05:18:52,715 INFO poll ok: 1441 Dublin Bus trips, 295 new/changed stop delays, 15 new/changed trips
2026-09-24 05:19:51,985 INFO poll ok: 1440 Dublin Bus trips, 283 new/changed stop delays, 19 new/changed trips
2026-09-24 05:20:53,487 INFO poll ok: 1461 Dublin Bus trips, 559 new/changed stop delays, 48 new/changed trips
2026-09-24 05:21:54,381 INFO poll ok: 1461 Dublin Bus trips, 296 new/changed stop delays, 23 new/changed trips
2026-09-24 05:23:01,899 INFO poll ok: 1461 Dublin Bus trips, 244 new/changed stop delays, 13 new/changed trips
2026-09-24 05:24:03,033 INFO poll ok: 1463 Dublin Bus trips, 292 new/changed stop delays, 21 new/changed trips
2026-09-24 05:25:05,555 INFO poll ok: 1465 Dublin Bus trips, 270 new/changed stop delays, 10 new/changed trips
2026-09-24 05:26:07,197 INFO poll ok: 1468 Dublin Bus trips, 330 new/changed stop delays, 27 new/changed trips
2026-09-24 05:27:14,370 INFO poll ok: 1470 Dublin Bus trips, 241 new/changed stop delays, 14 new/changed trips
2026-09-24 05:28:10,472 INFO poll ok: 1470 Dublin Bus trips, 260 new/changed stop delays, 17 new/changed trips
2026-09-24 05:29:22,683 INFO poll ok: 1472 Dublin Bus trips, 176 new/changed stop delays, 27 new/changed trips
2026-09-24 05:30:15,627 INFO poll ok: 1472 Dublin Bus trips, 221 new/changed stop delays, 18 new/changed trips
2026-09-24 05:31:21,606 INFO poll ok: 1525 Dublin Bus trips, 1257 new/changed stop delays, 77 new/changed trips
2026-09-24 05:32:48,996 INFO poll ok: 1525 Dublin Bus trips, 330 new/changed stop delays, 22 new/changed trips
2026-09-24 05:33:21,859 INFO poll ok: 1529 Dublin Bus trips, 345 new/changed stop delays, 14 new/changed trips
2026-09-24 05:34:21,382 INFO poll ok: 1533 Dublin Bus trips, 244 new/changed stop delays, 32 new/changed trips
2026-09-24 05:35:25,993 INFO poll ok: 1538 Dublin Bus trips, 322 new/changed stop delays, 12 new/changed trips
2026-09-24 05:36:24,683 INFO poll ok: 1535 Dublin Bus trips, 184 new/changed stop delays, 9 new/changed trips
2026-09-24 05:37:31,537 INFO poll ok: 1540 Dublin Bus trips, 277 new/changed stop delays, 20 new/changed trips
2026-09-24 05:38:31,197 INFO poll ok: 1541 Dublin Bus trips, 188 new/changed stop delays, 14 new/changed trips
2026-09-24 05:39:33,294 INFO poll ok: 1545 Dublin Bus trips, 216 new/changed stop delays, 36 new/changed trips
2026-09-24 05:40:39,345 INFO poll ok: 1568 Dublin Bus trips, 578 new/changed stop delays, 52 new/changed trips
2026-09-24 05:41:34,651 INFO poll ok: 1569 Dublin Bus trips, 163 new/changed stop delays, 18 new/changed trips
2026-09-24 05:42:36,812 INFO poll ok: 1573 Dublin Bus trips, 275 new/changed stop delays, 23 new/changed trips
2026-09-24 05:44:15,342 INFO poll ok: 1573 Dublin Bus trips, 279 new/changed stop delays, 7 new/changed trips
2026-09-24 05:44:57,181 INFO poll ok: 1572 Dublin Bus trips, 226 new/changed stop delays, 29 new/changed trips
2026-09-24 05:45:43,488 INFO poll ok: 1604 Dublin Bus trips, 876 new/changed stop delays, 51 new/changed trips
2026-09-24 05:46:46,628 INFO poll ok: 1359 Dublin Bus trips, 390 new/changed stop delays, 2 new/changed trips
2026-09-24 05:47:47,009 INFO poll ok: 1357 Dublin Bus trips, 200 new/changed stop delays, 17 new/changed trips
2026-09-24 05:48:49,122 INFO poll ok: 1356 Dublin Bus trips, 202 new/changed stop delays, 10 new/changed trips
2026-09-24 05:49:53,773 INFO poll ok: 1356 Dublin Bus trips, 256 new/changed stop delays, 34 new/changed trips
2026-09-24 05:50:52,534 INFO poll ok: 1360 Dublin Bus trips, 302 new/changed stop delays, 12 new/changed trips
2026-09-24 05:51:55,869 INFO poll ok: 1366 Dublin Bus trips, 215 new/changed stop delays, 18 new/changed trips
2026-09-24 05:52:55,832 INFO poll ok: 1368 Dublin Bus trips, 192 new/changed stop delays, 15 new/changed trips
2026-09-24 05:54:14,025 INFO poll ok: 1369 Dublin Bus trips, 190 new/changed stop delays, 18 new/changed trips
2026-09-24 05:55:00,088 INFO poll ok: 1369 Dublin Bus trips, 212 new/changed stop delays, 26 new/changed trips
2026-09-24 05:56:00,396 INFO poll ok: 1376 Dublin Bus trips, 296 new/changed stop delays, 43 new/changed trips
2026-09-24 05:57:04,086 INFO poll ok: 1377 Dublin Bus trips, 175 new/changed stop delays, 9 new/changed trips
2026-09-24 05:58:07,173 INFO poll ok: 1377 Dublin Bus trips, 162 new/changed stop delays, 6 new/changed trips
2026-09-24 05:59:09,874 INFO poll ok: 1379 Dublin Bus trips, 246 new/changed stop delays, 31 new/changed trips
2026-09-24 06:00:12,098 INFO poll ok: 1391 Dublin Bus trips, 308 new/changed stop delays, 20 new/changed trips
2026-09-24 06:01:13,513 INFO poll ok: 1443 Dublin Bus trips, 1156 new/changed stop delays, 68 new/changed trips
2026-09-24 06:02:15,550 INFO poll ok: 1446 Dublin Bus trips, 221 new/changed stop delays, 18 new/changed trips
2026-09-24 06:03:19,806 INFO poll ok: 1442 Dublin Bus trips, 198 new/changed stop delays, 19 new/changed trips
2026-09-24 06:04:20,775 INFO poll ok: 1446 Dublin Bus trips, 194 new/changed stop delays, 35 new/changed trips
2026-09-24 06:05:18,834 INFO poll ok: 1448 Dublin Bus trips, 188 new/changed stop delays, 13 new/changed trips
2026-09-24 06:06:41,297 INFO poll ok: 1450 Dublin Bus trips, 222 new/changed stop delays, 13 new/changed trips
2026-09-24 06:07:38,768 INFO poll ok: 1450 Dublin Bus trips, 253 new/changed stop delays, 18 new/changed trips
2026-09-24 06:08:26,123 INFO poll ok: 1451 Dublin Bus trips, 136 new/changed stop delays, 9 new/changed trips
2026-09-24 06:09:29,803 INFO poll ok: 1455 Dublin Bus trips, 235 new/changed stop delays, 42 new/changed trips
2026-09-24 06:10:29,371 INFO poll ok: 1468 Dublin Bus trips, 421 new/changed stop delays, 22 new/changed trips
2026-09-24 06:11:35,332 INFO poll ok: 1469 Dublin Bus trips, 208 new/changed stop delays, 26 new/changed trips
2026-09-24 06:12:35,730 INFO poll ok: 1473 Dublin Bus trips, 208 new/changed stop delays, 8 new/changed trips
2026-09-24 06:13:36,762 INFO poll ok: 1474 Dublin Bus trips, 159 new/changed stop delays, 12 new/changed trips
2026-09-24 06:14:40,169 INFO poll ok: 1474 Dublin Bus trips, 182 new/changed stop delays, 33 new/changed trips
2026-09-24 06:16:04,570 INFO poll ok: 1503 Dublin Bus trips, 755 new/changed stop delays, 40 new/changed trips
2026-09-24 06:16:42,776 INFO poll ok: 1229 Dublin Bus trips, 397 new/changed stop delays, 3 new/changed trips
2026-09-24 06:17:44,215 INFO poll ok: 1228 Dublin Bus trips, 199 new/changed stop delays, 15 new/changed trips
2026-09-24 06:18:45,124 INFO poll ok: 1231 Dublin Bus trips, 243 new/changed stop delays, 16 new/changed trips
2026-09-24 06:19:46,603 INFO poll ok: 1232 Dublin Bus trips, 139 new/changed stop delays, 30 new/changed trips
2026-09-24 06:20:52,812 INFO poll ok: 1243 Dublin Bus trips, 400 new/changed stop delays, 25 new/changed trips
2026-09-24 06:21:51,815 INFO poll ok: 1245 Dublin Bus trips, 163 new/changed stop delays, 10 new/changed trips
2026-09-24 06:22:53,593 INFO poll ok: 1245 Dublin Bus trips, 177 new/changed stop delays, 21 new/changed trips
2026-09-24 06:23:54,358 INFO poll ok: 1249 Dublin Bus trips, 270 new/changed stop delays, 11 new/changed trips
2026-09-24 06:25:03,187 INFO poll ok: 1253 Dublin Bus trips, 204 new/changed stop delays, 43 new/changed trips
2026-09-24 06:26:01,101 INFO poll ok: 1260 Dublin Bus trips, 277 new/changed stop delays, 23 new/changed trips
2026-09-24 06:27:01,814 INFO poll ok: 1262 Dublin Bus trips, 142 new/changed stop delays, 10 new/changed trips
2026-09-24 06:28:05,174 INFO poll ok: 1261 Dublin Bus trips, 199 new/changed stop delays, 13 new/changed trips
2026-09-24 06:29:08,868 INFO poll ok: 1262 Dublin Bus trips, 148 new/changed stop delays, 22 new/changed trips
2026-09-24 06:30:08,812 INFO poll ok: 1261 Dublin Bus trips, 175 new/changed stop delays, 12 new/changed trips
2026-09-24 06:31:13,782 INFO poll ok: 1318 Dublin Bus trips, 1326 new/changed stop delays, 70 new/changed trips
2026-09-24 06:32:13,610 INFO poll ok: 1319 Dublin Bus trips, 171 new/changed stop delays, 8 new/changed trips
2026-09-24 06:33:14,357 INFO poll ok: 1320 Dublin Bus trips, 156 new/changed stop delays, 17 new/changed trips
2026-09-24 06:34:16,595 INFO poll ok: 1320 Dublin Bus trips, 89 new/changed stop delays, 21 new/changed trips
2026-09-24 06:35:22,474 INFO poll ok: 1322 Dublin Bus trips, 175 new/changed stop delays, 11 new/changed trips
2026-09-24 06:36:22,829 INFO poll ok: 1323 Dublin Bus trips, 126 new/changed stop delays, 9 new/changed trips
2026-09-24 06:37:22,807 INFO poll ok: 1324 Dublin Bus trips, 214 new/changed stop delays, 13 new/changed trips
2026-09-24 06:38:24,814 INFO poll ok: 1321 Dublin Bus trips, 128 new/changed stop delays, 7 new/changed trips
2026-09-24 06:39:26,317 INFO poll ok: 1324 Dublin Bus trips, 157 new/changed stop delays, 28 new/changed trips
2026-09-24 06:40:30,001 INFO poll ok: 1343 Dublin Bus trips, 479 new/changed stop delays, 44 new/changed trips
2026-09-24 06:41:30,966 INFO poll ok: 1339 Dublin Bus trips, 120 new/changed stop delays, 15 new/changed trips
2026-09-24 06:42:32,133 INFO poll ok: 1341 Dublin Bus trips, 197 new/changed stop delays, 12 new/changed trips
2026-09-24 06:43:33,985 INFO poll ok: 1346 Dublin Bus trips, 226 new/changed stop delays, 20 new/changed trips
2026-09-24 06:44:41,366 INFO poll ok: 1345 Dublin Bus trips, 152 new/changed stop delays, 27 new/changed trips
2026-09-24 06:45:38,627 INFO poll ok: 1371 Dublin Bus trips, 617 new/changed stop delays, 38 new/changed trips
2026-09-24 06:46:38,686 INFO poll ok: 1097 Dublin Bus trips, 313 new/changed stop delays, 16 new/changed trips
2026-09-24 06:47:45,031 INFO poll ok: 1098 Dublin Bus trips, 155 new/changed stop delays, 20 new/changed trips
2026-09-24 06:48:49,330 INFO poll ok: 1099 Dublin Bus trips, 107 new/changed stop delays, 7 new/changed trips
2026-09-24 06:49:45,481 INFO poll ok: 1099 Dublin Bus trips, 110 new/changed stop delays, 21 new/changed trips
2026-09-24 06:50:46,381 INFO poll ok: 1109 Dublin Bus trips, 337 new/changed stop delays, 24 new/changed trips
2026-09-24 06:51:49,588 INFO poll ok: 1110 Dublin Bus trips, 135 new/changed stop delays, 5 new/changed trips
2026-09-24 06:52:52,513 INFO poll ok: 1112 Dublin Bus trips, 131 new/changed stop delays, 8 new/changed trips
2026-09-24 06:53:54,517 INFO poll ok: 1112 Dublin Bus trips, 104 new/changed stop delays, 7 new/changed trips
2026-09-24 06:54:55,732 INFO poll ok: 1111 Dublin Bus trips, 132 new/changed stop delays, 34 new/changed trips
2026-09-24 06:55:58,317 INFO poll ok: 1121 Dublin Bus trips, 248 new/changed stop delays, 31 new/changed trips
2026-09-24 06:56:58,664 INFO poll ok: 1120 Dublin Bus trips, 98 new/changed stop delays, 8 new/changed trips
2026-09-24 06:58:03,436 INFO poll ok: 1123 Dublin Bus trips, 211 new/changed stop delays, 15 new/changed trips
2026-09-24 06:59:02,831 INFO poll ok: 1125 Dublin Bus trips, 149 new/changed stop delays, 14 new/changed trips
2026-09-24 07:00:06,337 INFO poll ok: 1125 Dublin Bus trips, 88 new/changed stop delays, 21 new/changed trips
2026-09-24 07:01:09,316 INFO poll ok: 1187 Dublin Bus trips, 1416 new/changed stop delays, 90 new/changed trips
2026-09-24 07:02:10,990 INFO poll ok: 1192 Dublin Bus trips, 154 new/changed stop delays, 18 new/changed trips
2026-09-24 07:03:11,194 INFO poll ok: 1192 Dublin Bus trips, 118 new/changed stop delays, 11 new/changed trips
2026-09-24 07:04:13,990 INFO poll ok: 1190 Dublin Bus trips, 98 new/changed stop delays, 5 new/changed trips
2026-09-24 07:05:16,387 INFO poll ok: 1191 Dublin Bus trips, 109 new/changed stop delays, 32 new/changed trips
2026-09-24 07:06:19,349 INFO poll ok: 1191 Dublin Bus trips, 111 new/changed stop delays, 24 new/changed trips
2026-09-24 07:07:19,149 INFO poll ok: 1196 Dublin Bus trips, 217 new/changed stop delays, 8 new/changed trips
2026-09-24 07:08:22,641 INFO poll ok: 1197 Dublin Bus trips, 146 new/changed stop delays, 5 new/changed trips
2026-09-24 07:09:24,390 INFO poll ok: 1197 Dublin Bus trips, 161 new/changed stop delays, 21 new/changed trips
2026-09-24 07:10:25,612 INFO poll ok: 1213 Dublin Bus trips, 466 new/changed stop delays, 24 new/changed trips
2026-09-24 07:11:32,546 INFO poll ok: 1215 Dublin Bus trips, 149 new/changed stop delays, 27 new/changed trips
2026-09-24 07:12:32,827 INFO poll ok: 1215 Dublin Bus trips, 158 new/changed stop delays, 14 new/changed trips
2026-09-24 07:13:32,097 INFO poll ok: 1215 Dublin Bus trips, 139 new/changed stop delays, 7 new/changed trips
2026-09-24 07:14:35,819 INFO poll ok: 1217 Dublin Bus trips, 151 new/changed stop delays, 14 new/changed trips
2026-09-24 07:15:37,384 INFO poll ok: 1245 Dublin Bus trips, 760 new/changed stop delays, 51 new/changed trips
2026-09-24 07:16:38,462 INFO poll ok: 992 Dublin Bus trips, 333 new/changed stop delays, 15 new/changed trips
2026-09-24 07:17:38,632 INFO poll ok: 990 Dublin Bus trips, 88 new/changed stop delays, 19 new/changed trips
2026-09-24 07:18:40,958 INFO poll ok: 994 Dublin Bus trips, 195 new/changed stop delays, 12 new/changed trips
2026-09-24 07:19:43,840 INFO poll ok: 995 Dublin Bus trips, 104 new/changed stop delays, 15 new/changed trips
2026-09-24 07:20:44,025 INFO poll ok: 1007 Dublin Bus trips, 395 new/changed stop delays, 25 new/changed trips
2026-09-24 07:21:49,137 INFO poll ok: 1011 Dublin Bus trips, 128 new/changed stop delays, 7 new/changed trips
2026-09-24 07:22:48,681 INFO poll ok: 1013 Dublin Bus trips, 165 new/changed stop delays, 13 new/changed trips
2026-09-24 07:23:53,245 INFO poll ok: 1012 Dublin Bus trips, 123 new/changed stop delays, 12 new/changed trips
2026-09-24 07:24:53,546 INFO poll ok: 1014 Dublin Bus trips, 111 new/changed stop delays, 14 new/changed trips
2026-09-24 07:25:55,912 INFO poll ok: 1020 Dublin Bus trips, 246 new/changed stop delays, 36 new/changed trips
2026-09-24 07:26:57,379 INFO poll ok: 1020 Dublin Bus trips, 126 new/changed stop delays, 6 new/changed trips
2026-09-24 07:27:59,862 INFO poll ok: 1021 Dublin Bus trips, 189 new/changed stop delays, 20 new/changed trips
2026-09-24 07:29:01,917 INFO poll ok: 1024 Dublin Bus trips, 227 new/changed stop delays, 7 new/changed trips
2026-09-24 07:30:03,653 INFO poll ok: 1022 Dublin Bus trips, 127 new/changed stop delays, 23 new/changed trips
2026-09-24 07:31:04,920 INFO poll ok: 1083 Dublin Bus trips, 1289 new/changed stop delays, 76 new/changed trips
2026-09-24 07:32:08,864 INFO poll ok: 1087 Dublin Bus trips, 193 new/changed stop delays, 21 new/changed trips
2026-09-24 07:33:08,932 INFO poll ok: 1087 Dublin Bus trips, 90 new/changed stop delays, 12 new/changed trips
2026-09-24 07:34:11,879 INFO poll ok: 1088 Dublin Bus trips, 107 new/changed stop delays, 16 new/changed trips
2026-09-24 07:35:13,428 INFO poll ok: 1093 Dublin Bus trips, 204 new/changed stop delays, 24 new/changed trips
2026-09-24 07:36:15,124 INFO poll ok: 1098 Dublin Bus trips, 199 new/changed stop delays, 12 new/changed trips
2026-09-24 07:37:19,694 INFO poll ok: 1100 Dublin Bus trips, 160 new/changed stop delays, 9 new/changed trips
2026-09-24 07:38:21,123 INFO poll ok: 1102 Dublin Bus trips, 173 new/changed stop delays, 11 new/changed trips
2026-09-24 07:39:21,413 INFO poll ok: 1100 Dublin Bus trips, 130 new/changed stop delays, 7 new/changed trips
2026-09-24 07:40:24,256 INFO poll ok: 1118 Dublin Bus trips, 384 new/changed stop delays, 38 new/changed trips
2026-09-24 07:41:25,441 INFO poll ok: 1117 Dublin Bus trips, 162 new/changed stop delays, 18 new/changed trips
2026-09-24 07:42:30,543 INFO poll ok: 1122 Dublin Bus trips, 149 new/changed stop delays, 20 new/changed trips
2026-09-24 07:43:29,531 INFO poll ok: 1126 Dublin Bus trips, 169 new/changed stop delays, 8 new/changed trips
2026-09-24 07:44:31,494 INFO poll ok: 1128 Dublin Bus trips, 125 new/changed stop delays, 19 new/changed trips
2026-09-24 07:45:36,207 INFO poll ok: 1161 Dublin Bus trips, 800 new/changed stop delays, 49 new/changed trips
2026-09-24 07:46:35,159 INFO poll ok: 1067 Dublin Bus trips, 374 new/changed stop delays, 15 new/changed trips
2026-09-24 07:47:36,369 INFO poll ok: 982 Dublin Bus trips, 116 new/changed stop delays, 11 new/changed trips
2026-09-24 07:48:39,422 INFO poll ok: 981 Dublin Bus trips, 105 new/changed stop delays, 6 new/changed trips
2026-09-24 07:49:40,662 INFO poll ok: 982 Dublin Bus trips, 68 new/changed stop delays, 18 new/changed trips
2026-09-24 07:50:42,517 INFO poll ok: 997 Dublin Bus trips, 321 new/changed stop delays, 27 new/changed trips
2026-09-24 07:51:44,759 INFO poll ok: 993 Dublin Bus trips, 69 new/changed stop delays, 6 new/changed trips
2026-09-24 07:52:48,152 INFO poll ok: 996 Dublin Bus trips, 113 new/changed stop delays, 10 new/changed trips
2026-09-24 07:53:49,491 INFO poll ok: 997 Dublin Bus trips, 146 new/changed stop delays, 4 new/changed trips
2026-09-24 07:54:51,088 INFO poll ok: 998 Dublin Bus trips, 173 new/changed stop delays, 32 new/changed trips
2026-09-24 07:55:52,292 INFO poll ok: 1001 Dublin Bus trips, 237 new/changed stop delays, 27 new/changed trips
2026-09-24 07:56:55,829 INFO poll ok: 1001 Dublin Bus trips, 116 new/changed stop delays, 9 new/changed trips
2026-09-24 07:57:56,846 INFO poll ok: 1000 Dublin Bus trips, 154 new/changed stop delays, 12 new/changed trips
2026-09-24 07:58:59,519 INFO poll ok: 1003 Dublin Bus trips, 157 new/changed stop delays, 6 new/changed trips
2026-09-24 08:00:01,496 INFO poll ok: 1006 Dublin Bus trips, 116 new/changed stop delays, 30 new/changed trips
2026-09-24 08:01:03,101 INFO poll ok: 1064 Dublin Bus trips, 1313 new/changed stop delays, 77 new/changed trips
2026-09-24 08:02:04,969 INFO poll ok: 1064 Dublin Bus trips, 181 new/changed stop delays, 12 new/changed trips
2026-09-24 08:03:06,357 INFO poll ok: 1064 Dublin Bus trips, 179 new/changed stop delays, 23 new/changed trips
2026-09-24 08:04:08,948 INFO poll ok: 1065 Dublin Bus trips, 107 new/changed stop delays, 13 new/changed trips
2026-09-24 08:05:12,047 INFO poll ok: 1067 Dublin Bus trips, 204 new/changed stop delays, 15 new/changed trips
2026-09-24 08:06:13,627 INFO poll ok: 1065 Dublin Bus trips, 80 new/changed stop delays, 13 new/changed trips
2026-09-24 08:07:17,804 INFO poll ok: 1072 Dublin Bus trips, 214 new/changed stop delays, 13 new/changed trips
2026-09-24 08:08:23,837 INFO poll ok: 1071 Dublin Bus trips, 66 new/changed stop delays, 3 new/changed trips
2026-09-24 08:09:20,497 INFO poll ok: 1071 Dublin Bus trips, 102 new/changed stop delays, 9 new/changed trips
2026-09-24 08:10:22,418 INFO poll ok: 1085 Dublin Bus trips, 340 new/changed stop delays, 25 new/changed trips
2026-09-24 08:11:23,282 INFO poll ok: 1086 Dublin Bus trips, 100 new/changed stop delays, 16 new/changed trips
2026-09-24 08:12:25,124 INFO poll ok: 1088 Dublin Bus trips, 130 new/changed stop delays, 14 new/changed trips
2026-09-24 08:13:30,065 INFO poll ok: 1086 Dublin Bus trips, 96 new/changed stop delays, 12 new/changed trips
2026-09-24 08:14:30,961 INFO poll ok: 1088 Dublin Bus trips, 167 new/changed stop delays, 18 new/changed trips
2026-09-24 08:15:32,816 INFO poll ok: 1122 Dublin Bus trips, 735 new/changed stop delays, 50 new/changed trips
2026-09-24 08:16:44,027 INFO poll ok: 1123 Dublin Bus trips, 200 new/changed stop delays, 18 new/changed trips
2026-09-24 08:17:36,213 INFO poll ok: 915 Dublin Bus trips, 230 new/changed stop delays, 7 new/changed trips
2026-09-24 08:18:36,357 INFO poll ok: 913 Dublin Bus trips, 105 new/changed stop delays, 11 new/changed trips
2026-09-24 08:19:40,515 INFO poll ok: 912 Dublin Bus trips, 103 new/changed stop delays, 18 new/changed trips
2026-09-24 08:20:41,063 INFO poll ok: 930 Dublin Bus trips, 434 new/changed stop delays, 29 new/changed trips
2026-09-24 08:21:45,388 INFO poll ok: 931 Dublin Bus trips, 193 new/changed stop delays, 5 new/changed trips
2026-09-24 08:22:45,282 INFO poll ok: 936 Dublin Bus trips, 163 new/changed stop delays, 16 new/changed trips
2026-09-24 08:23:47,847 INFO poll ok: 936 Dublin Bus trips, 167 new/changed stop delays, 10 new/changed trips
2026-09-24 08:24:51,263 INFO poll ok: 937 Dublin Bus trips, 99 new/changed stop delays, 20 new/changed trips
2026-09-24 08:25:51,584 INFO poll ok: 942 Dublin Bus trips, 282 new/changed stop delays, 35 new/changed trips
2026-09-24 08:26:52,607 INFO poll ok: 943 Dublin Bus trips, 91 new/changed stop delays, 8 new/changed trips
2026-09-24 08:27:55,236 INFO poll ok: 945 Dublin Bus trips, 132 new/changed stop delays, 12 new/changed trips
2026-09-24 08:29:00,602 INFO poll ok: 946 Dublin Bus trips, 106 new/changed stop delays, 11 new/changed trips
2026-09-24 08:29:58,906 INFO poll ok: 946 Dublin Bus trips, 120 new/changed stop delays, 29 new/changed trips
2026-09-24 08:31:10,124 INFO poll ok: 1011 Dublin Bus trips, 1361 new/changed stop delays, 82 new/changed trips
2026-09-24 08:32:03,919 INFO poll ok: 1013 Dublin Bus trips, 126 new/changed stop delays, 17 new/changed trips
2026-09-24 08:33:05,893 INFO poll ok: 1013 Dublin Bus trips, 103 new/changed stop delays, 12 new/changed trips
2026-09-24 08:34:07,698 INFO poll ok: 1014 Dublin Bus trips, 114 new/changed stop delays, 17 new/changed trips
2026-09-24 08:35:11,262 INFO poll ok: 1018 Dublin Bus trips, 158 new/changed stop delays, 32 new/changed trips
2026-09-24 08:36:12,037 INFO poll ok: 1024 Dublin Bus trips, 155 new/changed stop delays, 22 new/changed trips
2026-09-24 08:37:16,835 INFO poll ok: 1026 Dublin Bus trips, 119 new/changed stop delays, 5 new/changed trips
2026-09-24 08:38:16,104 INFO poll ok: 1027 Dublin Bus trips, 67 new/changed stop delays, 9 new/changed trips
2026-09-24 08:39:21,060 INFO poll ok: 1027 Dublin Bus trips, 113 new/changed stop delays, 5 new/changed trips
2026-09-24 08:40:19,257 INFO poll ok: 1039 Dublin Bus trips, 271 new/changed stop delays, 24 new/changed trips
2026-09-24 08:41:26,203 INFO poll ok: 1043 Dublin Bus trips, 136 new/changed stop delays, 31 new/changed trips
2026-09-24 08:42:23,413 INFO poll ok: 1046 Dublin Bus trips, 138 new/changed stop delays, 12 new/changed trips
2026-09-24 08:43:25,824 INFO poll ok: 1047 Dublin Bus trips, 86 new/changed stop delays, 7 new/changed trips
2026-09-24 08:44:33,443 INFO poll ok: 1045 Dublin Bus trips, 99 new/changed stop delays, 12 new/changed trips
2026-09-24 08:45:30,279 INFO poll ok: 1073 Dublin Bus trips, 627 new/changed stop delays, 54 new/changed trips
2026-09-24 08:46:31,012 INFO poll ok: 1074 Dublin Bus trips, 160 new/changed stop delays, 21 new/changed trips
2026-09-24 08:47:34,567 INFO poll ok: 890 Dublin Bus trips, 234 new/changed stop delays, 6 new/changed trips
2026-09-24 08:48:35,555 INFO poll ok: 889 Dublin Bus trips, 56 new/changed stop delays, 8 new/changed trips
2026-09-24 08:49:37,118 INFO poll ok: 889 Dublin Bus trips, 82 new/changed stop delays, 26 new/changed trips
2026-09-24 08:50:41,510 INFO poll ok: 902 Dublin Bus trips, 311 new/changed stop delays, 19 new/changed trips
2026-09-24 08:51:41,892 INFO poll ok: 905 Dublin Bus trips, 119 new/changed stop delays, 10 new/changed trips
2026-09-24 08:52:44,050 INFO poll ok: 907 Dublin Bus trips, 101 new/changed stop delays, 8 new/changed trips
2026-09-24 08:53:44,557 INFO poll ok: 905 Dublin Bus trips, 60 new/changed stop delays, 5 new/changed trips
2026-09-24 08:54:47,615 INFO poll ok: 906 Dublin Bus trips, 105 new/changed stop delays, 24 new/changed trips
2026-09-24 08:55:49,359 INFO poll ok: 910 Dublin Bus trips, 148 new/changed stop delays, 39 new/changed trips
2026-09-24 08:57:08,353 INFO poll ok: 909 Dublin Bus trips, 43 new/changed stop delays, 10 new/changed trips
2026-09-24 08:57:55,290 INFO poll ok: 909 Dublin Bus trips, 72 new/changed stop delays, 12 new/changed trips
2026-09-24 08:58:54,871 INFO poll ok: 914 Dublin Bus trips, 119 new/changed stop delays, 19 new/changed trips
2026-09-24 08:59:57,670 INFO poll ok: 913 Dublin Bus trips, 66 new/changed stop delays, 9 new/changed trips
2026-09-24 09:01:00,677 INFO poll ok: 963 Dublin Bus trips, 1099 new/changed stop delays, 68 new/changed trips
2026-09-24 09:02:02,578 INFO poll ok: 966 Dublin Bus trips, 85 new/changed stop delays, 16 new/changed trips
2026-09-24 09:03:04,778 INFO poll ok: 966 Dublin Bus trips, 95 new/changed stop delays, 7 new/changed trips
2026-09-24 09:04:05,690 INFO poll ok: 968 Dublin Bus trips, 78 new/changed stop delays, 11 new/changed trips
2026-09-24 09:05:08,179 INFO poll ok: 968 Dublin Bus trips, 69 new/changed stop delays, 13 new/changed trips
2026-09-24 09:06:08,816 INFO poll ok: 969 Dublin Bus trips, 181 new/changed stop delays, 18 new/changed trips
2026-09-24 09:07:15,165 INFO poll ok: 970 Dublin Bus trips, 128 new/changed stop delays, 12 new/changed trips
2026-09-24 09:08:24,062 INFO poll ok: 970 Dublin Bus trips, 53 new/changed stop delays, 2 new/changed trips
2026-09-24 09:09:15,426 INFO poll ok: 972 Dublin Bus trips, 117 new/changed stop delays, 12 new/changed trips
2026-09-24 09:10:17,681 INFO poll ok: 984 Dublin Bus trips, 279 new/changed stop delays, 31 new/changed trips
2026-09-24 09:11:19,899 INFO poll ok: 983 Dublin Bus trips, 101 new/changed stop delays, 19 new/changed trips
2026-09-24 09:12:21,911 INFO poll ok: 983 Dublin Bus trips, 90 new/changed stop delays, 12 new/changed trips
2026-09-24 09:13:23,884 INFO poll ok: 985 Dublin Bus trips, 116 new/changed stop delays, 8 new/changed trips
2026-09-24 09:14:27,433 INFO poll ok: 986 Dublin Bus trips, 60 new/changed stop delays, 8 new/changed trips
2026-09-24 09:15:49,134 INFO poll ok: 1011 Dublin Bus trips, 580 new/changed stop delays, 49 new/changed trips
2026-09-24 09:16:30,098 INFO poll ok: 1009 Dublin Bus trips, 94 new/changed stop delays, 9 new/changed trips
2026-09-24 09:17:31,349 INFO poll ok: 819 Dublin Bus trips, 254 new/changed stop delays, 21 new/changed trips
2026-09-24 09:18:33,754 INFO poll ok: 819 Dublin Bus trips, 73 new/changed stop delays, 11 new/changed trips
2026-09-24 09:19:37,678 INFO poll ok: 820 Dublin Bus trips, 147 new/changed stop delays, 4 new/changed trips
2026-09-24 09:20:42,641 INFO poll ok: 828 Dublin Bus trips, 179 new/changed stop delays, 32 new/changed trips
2026-09-24 09:21:39,871 INFO poll ok: 828 Dublin Bus trips, 107 new/changed stop delays, 19 new/changed trips
2026-09-24 09:22:42,315 INFO poll ok: 828 Dublin Bus trips, 79 new/changed stop delays, 7 new/changed trips
2026-09-24 09:23:43,369 INFO poll ok: 828 Dublin Bus trips, 53 new/changed stop delays, 10 new/changed trips
2026-09-24 09:24:45,105 INFO poll ok: 828 Dublin Bus trips, 65 new/changed stop delays, 2 new/changed trips
2026-09-24 09:25:47,265 INFO poll ok: 831 Dublin Bus trips, 177 new/changed stop delays, 42 new/changed trips
2026-09-24 09:26:48,929 INFO poll ok: 831 Dublin Bus trips, 58 new/changed stop delays, 0 new/changed trips
2026-09-24 09:27:53,736 INFO poll ok: 831 Dublin Bus trips, 49 new/changed stop delays, 7 new/changed trips
2026-09-24 09:28:53,916 INFO poll ok: 834 Dublin Bus trips, 124 new/changed stop delays, 11 new/changed trips
2026-09-24 09:29:56,925 INFO poll ok: 834 Dublin Bus trips, 53 new/changed stop delays, 11 new/changed trips
2026-09-24 09:31:01,173 INFO poll ok: 899 Dublin Bus trips, 1310 new/changed stop delays, 85 new/changed trips
2026-09-24 09:32:01,987 INFO poll ok: 900 Dublin Bus trips, 75 new/changed stop delays, 18 new/changed trips
2026-09-24 09:33:01,775 INFO poll ok: 902 Dublin Bus trips, 96 new/changed stop delays, 11 new/changed trips
2026-09-24 09:34:05,303 INFO poll ok: 905 Dublin Bus trips, 112 new/changed stop delays, 18 new/changed trips
2026-09-24 09:35:06,187 INFO poll ok: 904 Dublin Bus trips, 64 new/changed stop delays, 8 new/changed trips
2026-09-24 09:36:07,307 INFO poll ok: 903 Dublin Bus trips, 94 new/changed stop delays, 10 new/changed trips
2026-09-24 09:37:15,593 INFO poll ok: 908 Dublin Bus trips, 145 new/changed stop delays, 6 new/changed trips
2026-09-24 09:38:12,877 INFO poll ok: 908 Dublin Bus trips, 45 new/changed stop delays, 4 new/changed trips
2026-09-24 09:39:14,142 INFO poll ok: 908 Dublin Bus trips, 73 new/changed stop delays, 13 new/changed trips
2026-09-24 09:40:16,725 INFO poll ok: 910 Dublin Bus trips, 116 new/changed stop delays, 11 new/changed trips
2026-09-24 09:41:18,889 INFO poll ok: 911 Dublin Bus trips, 115 new/changed stop delays, 27 new/changed trips
2026-09-24 09:42:21,055 INFO poll ok: 912 Dublin Bus trips, 187 new/changed stop delays, 11 new/changed trips
2026-09-24 09:43:22,449 INFO poll ok: 913 Dublin Bus trips, 129 new/changed stop delays, 18 new/changed trips
2026-09-24 09:44:24,369 INFO poll ok: 912 Dublin Bus trips, 62 new/changed stop delays, 7 new/changed trips
2026-09-24 09:45:28,125 INFO poll ok: 920 Dublin Bus trips, 194 new/changed stop delays, 24 new/changed trips
2026-09-24 09:46:28,470 INFO poll ok: 921 Dublin Bus trips, 71 new/changed stop delays, 11 new/changed trips
2026-09-24 09:47:29,225 INFO poll ok: 741 Dublin Bus trips, 225 new/changed stop delays, 14 new/changed trips
2026-09-24 09:48:31,285 INFO poll ok: 741 Dublin Bus trips, 50 new/changed stop delays, 6 new/changed trips
2026-09-24 09:49:39,426 INFO poll ok: 743 Dublin Bus trips, 104 new/changed stop delays, 10 new/changed trips
2026-09-24 09:50:35,515 INFO poll ok: 742 Dublin Bus trips, 91 new/changed stop delays, 9 new/changed trips
2026-09-24 09:51:38,060 INFO poll ok: 737 Dublin Bus trips, 44 new/changed stop delays, 13 new/changed trips
2026-09-24 09:52:44,310 INFO poll ok: 736 Dublin Bus trips, 70 new/changed stop delays, 1 new/changed trips
2026-09-24 09:53:43,471 INFO poll ok: 735 Dublin Bus trips, 69 new/changed stop delays, 4 new/changed trips
2026-09-24 09:54:44,223 INFO poll ok: 735 Dublin Bus trips, 88 new/changed stop delays, 7 new/changed trips
2026-09-24 09:55:45,801 INFO poll ok: 736 Dublin Bus trips, 79 new/changed stop delays, 51 new/changed trips
2026-09-24 09:56:47,389 INFO poll ok: 736 Dublin Bus trips, 47 new/changed stop delays, 6 new/changed trips
2026-09-24 09:57:49,167 INFO poll ok: 735 Dublin Bus trips, 66 new/changed stop delays, 2 new/changed trips
2026-09-24 09:58:51,115 INFO poll ok: 736 Dublin Bus trips, 63 new/changed stop delays, 7 new/changed trips
2026-09-24 09:59:53,092 INFO poll ok: 736 Dublin Bus trips, 56 new/changed stop delays, 11 new/changed trips
2026-09-24 10:00:54,831 INFO poll ok: 742 Dublin Bus trips, 229 new/changed stop delays, 27 new/changed trips
2026-09-24 10:01:56,950 INFO poll ok: 742 Dublin Bus trips, 61 new/changed stop delays, 8 new/changed trips
2026-09-24 10:02:58,795 INFO poll ok: 744 Dublin Bus trips, 153 new/changed stop delays, 8 new/changed trips
2026-09-24 10:04:00,892 INFO poll ok: 745 Dublin Bus trips, 70 new/changed stop delays, 11 new/changed trips
2026-09-24 10:05:03,766 INFO poll ok: 745 Dublin Bus trips, 104 new/changed stop delays, 9 new/changed trips
2026-09-24 10:06:06,342 INFO poll ok: 748 Dublin Bus trips, 168 new/changed stop delays, 20 new/changed trips
2026-09-24 10:07:08,593 INFO poll ok: 748 Dublin Bus trips, 82 new/changed stop delays, 2 new/changed trips
2026-09-24 10:08:08,802 INFO poll ok: 748 Dublin Bus trips, 0 new/changed stop delays, 0 new/changed trips
2026-09-24 10:09:10,569 INFO poll ok: 748 Dublin Bus trips, 65 new/changed stop delays, 2 new/changed trips
2026-09-24 10:10:12,660 INFO poll ok: 750 Dublin Bus trips, 153 new/changed stop delays, 24 new/changed trips
2026-09-24 10:11:15,574 INFO poll ok: 752 Dublin Bus trips, 105 new/changed stop delays, 11 new/changed trips
2026-09-24 10:12:19,283 INFO poll ok: 753 Dublin Bus trips, 106 new/changed stop delays, 6 new/changed trips
2026-09-24 10:13:18,273 INFO poll ok: 753 Dublin Bus trips, 43 new/changed stop delays, 14 new/changed trips
2026-09-24 10:14:21,039 INFO poll ok: 752 Dublin Bus trips, 49 new/changed stop delays, 4 new/changed trips
2026-09-24 10:15:22,564 INFO poll ok: 754 Dublin Bus trips, 91 new/changed stop delays, 19 new/changed trips
2026-09-24 10:16:26,002 INFO poll ok: 753 Dublin Bus trips, 72 new/changed stop delays, 9 new/changed trips
2026-09-24 10:17:28,106 INFO poll ok: 590 Dublin Bus trips, 239 new/changed stop delays, 3 new/changed trips
2026-09-24 10:18:27,992 INFO poll ok: 589 Dublin Bus trips, 76 new/changed stop delays, 8 new/changed trips
2026-09-24 10:19:31,065 INFO poll ok: 587 Dublin Bus trips, 45 new/changed stop delays, 8 new/changed trips
2026-09-24 10:20:31,596 INFO poll ok: 582 Dublin Bus trips, 51 new/changed stop delays, 21 new/changed trips
2026-09-24 10:21:34,377 INFO poll ok: 584 Dublin Bus trips, 81 new/changed stop delays, 3 new/changed trips
2026-09-24 10:22:36,931 INFO poll ok: 584 Dublin Bus trips, 70 new/changed stop delays, 6 new/changed trips
2026-09-24 10:23:38,635 INFO poll ok: 585 Dublin Bus trips, 73 new/changed stop delays, 4 new/changed trips
2026-09-24 10:24:40,129 INFO poll ok: 584 Dublin Bus trips, 43 new/changed stop delays, 2 new/changed trips
2026-09-24 10:25:42,911 INFO poll ok: 587 Dublin Bus trips, 65 new/changed stop delays, 46 new/changed trips
2026-09-24 10:26:44,308 INFO poll ok: 586 Dublin Bus trips, 53 new/changed stop delays, 4 new/changed trips
2026-09-24 10:27:46,128 INFO poll ok: 586 Dublin Bus trips, 44 new/changed stop delays, 5 new/changed trips
2026-09-24 10:28:50,245 INFO poll ok: 587 Dublin Bus trips, 45 new/changed stop delays, 9 new/changed trips
2026-09-24 10:29:51,958 INFO poll ok: 588 Dublin Bus trips, 51 new/changed stop delays, 4 new/changed trips
2026-09-24 10:30:52,790 INFO poll ok: 589 Dublin Bus trips, 225 new/changed stop delays, 33 new/changed trips
2026-09-24 10:31:55,668 INFO poll ok: 591 Dublin Bus trips, 71 new/changed stop delays, 10 new/changed trips
2026-09-24 10:32:56,724 INFO poll ok: 591 Dublin Bus trips, 45 new/changed stop delays, 16 new/changed trips
2026-09-24 10:33:57,986 INFO poll ok: 592 Dublin Bus trips, 71 new/changed stop delays, 5 new/changed trips
2026-09-24 10:35:01,142 INFO poll ok: 594 Dublin Bus trips, 102 new/changed stop delays, 17 new/changed trips
2026-09-24 10:36:02,849 INFO poll ok: 596 Dublin Bus trips, 88 new/changed stop delays, 14 new/changed trips
2026-09-24 10:37:03,780 INFO poll ok: 594 Dublin Bus trips, 56 new/changed stop delays, 2 new/changed trips
2026-09-24 10:38:05,594 INFO poll ok: 595 Dublin Bus trips, 74 new/changed stop delays, 5 new/changed trips
2026-09-24 10:39:09,273 INFO poll ok: 595 Dublin Bus trips, 50 new/changed stop delays, 7 new/changed trips
2026-09-24 10:40:12,049 INFO poll ok: 595 Dublin Bus trips, 39 new/changed stop delays, 16 new/changed trips
2026-09-24 10:41:12,109 INFO poll ok: 595 Dublin Bus trips, 49 new/changed stop delays, 10 new/changed trips
2026-09-24 10:42:14,222 INFO poll ok: 594 Dublin Bus trips, 46 new/changed stop delays, 0 new/changed trips
2026-09-24 10:43:15,775 INFO poll ok: 594 Dublin Bus trips, 59 new/changed stop delays, 1 new/changed trips
2026-09-24 10:44:18,956 INFO poll ok: 594 Dublin Bus trips, 39 new/changed stop delays, 2 new/changed trips
2026-09-24 10:45:20,060 INFO poll ok: 596 Dublin Bus trips, 103 new/changed stop delays, 19 new/changed trips
2026-09-24 10:46:22,083 INFO poll ok: 595 Dublin Bus trips, 30 new/changed stop delays, 2 new/changed trips
2026-09-24 10:47:24,228 INFO poll ok: 417 Dublin Bus trips, 161 new/changed stop delays, 0 new/changed trips
2026-09-24 10:48:25,732 INFO poll ok: 414 Dublin Bus trips, 23 new/changed stop delays, 0 new/changed trips
2026-09-24 10:49:27,668 INFO poll ok: 414 Dublin Bus trips, 35 new/changed stop delays, 0 new/changed trips
2026-09-24 10:50:29,459 INFO poll ok: 416 Dublin Bus trips, 58 new/changed stop delays, 19 new/changed trips
2026-09-24 10:51:32,130 INFO poll ok: 416 Dublin Bus trips, 44 new/changed stop delays, 3 new/changed trips
2026-09-24 10:52:33,415 INFO poll ok: 416 Dublin Bus trips, 30 new/changed stop delays, 0 new/changed trips
2026-09-24 10:53:36,716 INFO poll ok: 418 Dublin Bus trips, 70 new/changed stop delays, 2 new/changed trips
2026-09-24 10:54:38,090 INFO poll ok: 418 Dublin Bus trips, 39 new/changed stop delays, 1 new/changed trips
2026-09-24 10:55:39,460 INFO poll ok: 419 Dublin Bus trips, 57 new/changed stop delays, 34 new/changed trips
2026-09-24 10:56:42,349 INFO poll ok: 419 Dublin Bus trips, 24 new/changed stop delays, 1 new/changed trips
2026-09-24 10:57:44,612 INFO poll ok: 419 Dublin Bus trips, 28 new/changed stop delays, 0 new/changed trips
2026-09-24 10:58:46,181 INFO poll ok: 419 Dublin Bus trips, 25 new/changed stop delays, 5 new/changed trips
2026-09-24 10:59:47,588 INFO poll ok: 419 Dublin Bus trips, 48 new/changed stop delays, 1 new/changed trips
2026-09-24 11:00:50,559 INFO poll ok: 427 Dublin Bus trips, 186 new/changed stop delays, 34 new/changed trips
2026-09-24 11:01:51,992 INFO poll ok: 427 Dublin Bus trips, 38 new/changed stop delays, 6 new/changed trips
2026-09-24 11:02:54,096 INFO poll ok: 428 Dublin Bus trips, 55 new/changed stop delays, 4 new/changed trips
2026-09-24 11:03:58,018 INFO poll ok: 428 Dublin Bus trips, 51 new/changed stop delays, 2 new/changed trips
2026-09-24 11:04:58,428 INFO poll ok: 428 Dublin Bus trips, 35 new/changed stop delays, 2 new/changed trips
2026-09-24 11:06:03,452 INFO poll ok: 429 Dublin Bus trips, 64 new/changed stop delays, 16 new/changed trips
2026-09-24 11:07:01,806 INFO poll ok: 428 Dublin Bus trips, 29 new/changed stop delays, 0 new/changed trips
2026-09-24 11:08:05,340 INFO poll ok: 429 Dublin Bus trips, 59 new/changed stop delays, 1 new/changed trips
2026-09-24 11:09:05,550 INFO poll ok: 429 Dublin Bus trips, 29 new/changed stop delays, 0 new/changed trips
2026-09-24 11:10:12,848 INFO poll ok: 430 Dublin Bus trips, 60 new/changed stop delays, 3 new/changed trips
2026-09-24 11:11:10,089 INFO poll ok: 430 Dublin Bus trips, 18 new/changed stop delays, 24 new/changed trips
2026-09-24 11:12:13,474 INFO poll ok: 428 Dublin Bus trips, 24 new/changed stop delays, 0 new/changed trips
2026-09-24 11:13:14,967 INFO poll ok: 428 Dublin Bus trips, 50 new/changed stop delays, 2 new/changed trips
2026-09-24 11:14:17,897 INFO poll ok: 428 Dublin Bus trips, 13 new/changed stop delays, 0 new/changed trips
2026-09-24 11:15:19,135 INFO poll ok: 429 Dublin Bus trips, 63 new/changed stop delays, 25 new/changed trips
2026-09-24 11:16:26,302 INFO poll ok: 428 Dublin Bus trips, 15 new/changed stop delays, 2 new/changed trips
2026-09-24 11:17:22,033 INFO poll ok: 266 Dublin Bus trips, 138 new/changed stop delays, 0 new/changed trips
2026-09-24 11:18:23,510 INFO poll ok: 267 Dublin Bus trips, 31 new/changed stop delays, 3 new/changed trips
2026-09-24 11:19:25,711 INFO poll ok: 267 Dublin Bus trips, 16 new/changed stop delays, 0 new/changed trips
2026-09-24 11:20:27,392 INFO poll ok: 267 Dublin Bus trips, 18 new/changed stop delays, 27 new/changed trips
2026-09-24 11:21:29,406 INFO poll ok: 268 Dublin Bus trips, 67 new/changed stop delays, 2 new/changed trips
2026-09-24 11:22:31,408 INFO poll ok: 268 Dublin Bus trips, 11 new/changed stop delays, 0 new/changed trips
2026-09-24 11:23:33,461 INFO poll ok: 268 Dublin Bus trips, 12 new/changed stop delays, 0 new/changed trips
2026-09-24 11:24:35,880 INFO poll ok: 268 Dublin Bus trips, 43 new/changed stop delays, 3 new/changed trips
2026-09-24 11:25:38,448 INFO poll ok: 269 Dublin Bus trips, 32 new/changed stop delays, 22 new/changed trips
2026-09-24 11:26:41,143 INFO poll ok: 270 Dublin Bus trips, 24 new/changed stop delays, 3 new/changed trips
2026-09-24 11:27:41,833 INFO poll ok: 270 Dublin Bus trips, 17 new/changed stop delays, 2 new/changed trips
2026-09-24 11:28:43,820 INFO poll ok: 270 Dublin Bus trips, 12 new/changed stop delays, 2 new/changed trips
2026-09-24 11:29:46,609 INFO poll ok: 270 Dublin Bus trips, 12 new/changed stop delays, 0 new/changed trips
2026-09-24 11:30:49,382 INFO poll ok: 279 Dublin Bus trips, 201 new/changed stop delays, 28 new/changed trips
2026-09-24 11:31:50,759 INFO poll ok: 279 Dublin Bus trips, 16 new/changed stop delays, 1 new/changed trips
2026-09-24 11:32:54,723 INFO poll ok: 279 Dublin Bus trips, 14 new/changed stop delays, 0 new/changed trips
2026-09-24 11:33:53,454 INFO poll ok: 279 Dublin Bus trips, 14 new/changed stop delays, 0 new/changed trips
2026-09-24 11:34:55,401 INFO poll ok: 279 Dublin Bus trips, 31 new/changed stop delays, 1 new/changed trips
2026-09-24 11:35:57,795 INFO poll ok: 280 Dublin Bus trips, 42 new/changed stop delays, 17 new/changed trips
2026-09-24 11:37:00,027 INFO poll ok: 279 Dublin Bus trips, 8 new/changed stop delays, 0 new/changed trips
2026-09-24 11:38:01,382 INFO poll ok: 280 Dublin Bus trips, 15 new/changed stop delays, 2 new/changed trips
2026-09-24 11:39:03,587 INFO poll ok: 279 Dublin Bus trips, 14 new/changed stop delays, 2 new/changed trips
2026-09-24 11:40:07,669 INFO poll ok: 279 Dublin Bus trips, 7 new/changed stop delays, 0 new/changed trips
2026-09-24 11:41:07,632 INFO poll ok: 279 Dublin Bus trips, 8 new/changed stop delays, 16 new/changed trips
2026-09-24 11:42:13,669 INFO poll ok: 279 Dublin Bus trips, 17 new/changed stop delays, 0 new/changed trips
2026-09-24 11:43:11,838 INFO poll ok: 280 Dublin Bus trips, 32 new/changed stop delays, 1 new/changed trips
2026-09-24 11:44:13,741 INFO poll ok: 281 Dublin Bus trips, 35 new/changed stop delays, 1 new/changed trips
2026-09-24 11:45:17,082 INFO poll ok: 283 Dublin Bus trips, 66 new/changed stop delays, 16 new/changed trips
2026-09-24 11:46:21,491 INFO poll ok: 283 Dublin Bus trips, 8 new/changed stop delays, 2 new/changed trips
2026-09-24 11:47:21,999 INFO poll ok: 150 Dublin Bus trips, 65 new/changed stop delays, 0 new/changed trips
2026-09-24 11:48:23,771 INFO poll ok: 150 Dublin Bus trips, 14 new/changed stop delays, 2 new/changed trips
2026-09-24 11:49:24,473 INFO poll ok: 150 Dublin Bus trips, 12 new/changed stop delays, 1 new/changed trips
2026-09-24 11:50:25,707 INFO poll ok: 151 Dublin Bus trips, 20 new/changed stop delays, 7 new/changed trips
2026-09-24 11:51:30,715 INFO poll ok: 151 Dublin Bus trips, 27 new/changed stop delays, 1 new/changed trips
2026-09-24 11:52:30,770 INFO poll ok: 151 Dublin Bus trips, 9 new/changed stop delays, 0 new/changed trips
2026-09-24 11:53:31,326 INFO poll ok: 153 Dublin Bus trips, 55 new/changed stop delays, 3 new/changed trips
2026-09-24 11:54:37,299 INFO poll ok: 152 Dublin Bus trips, 13 new/changed stop delays, 0 new/changed trips
2026-09-24 11:55:36,889 INFO poll ok: 153 Dublin Bus trips, 18 new/changed stop delays, 9 new/changed trips
2026-09-24 11:56:37,276 INFO poll ok: 153 Dublin Bus trips, 25 new/changed stop delays, 3 new/changed trips
2026-09-24 11:57:39,277 INFO poll ok: 153 Dublin Bus trips, 10 new/changed stop delays, 0 new/changed trips
2026-09-24 11:58:43,265 INFO poll ok: 153 Dublin Bus trips, 20 new/changed stop delays, 2 new/changed trips
2026-09-24 11:59:47,276 INFO poll ok: 154 Dublin Bus trips, 28 new/changed stop delays, 3 new/changed trips
2026-09-24 12:00:47,500 INFO poll ok: 163 Dublin Bus trips, 164 new/changed stop delays, 13 new/changed trips
2026-09-24 12:01:49,770 INFO poll ok: 162 Dublin Bus trips, 13 new/changed stop delays, 2 new/changed trips
2026-09-24 12:02:51,834 INFO poll ok: 162 Dublin Bus trips, 16 new/changed stop delays, 0 new/changed trips
2026-09-24 12:03:54,046 INFO poll ok: 163 Dublin Bus trips, 54 new/changed stop delays, 4 new/changed trips
2026-09-24 12:04:55,324 INFO poll ok: 163 Dublin Bus trips, 8 new/changed stop delays, 0 new/changed trips
2026-09-24 12:05:55,514 INFO poll ok: 164 Dublin Bus trips, 46 new/changed stop delays, 8 new/changed trips
2026-09-24 12:06:59,313 INFO poll ok: 164 Dublin Bus trips, 7 new/changed stop delays, 0 new/changed trips
2026-09-24 12:08:02,180 INFO poll ok: 164 Dublin Bus trips, 6 new/changed stop delays, 0 new/changed trips
